date,time_month,year,month,upwelling,ui,Isotherm_21,sst,temp_50m,euphotic_depth_obs,MLD,depth_cutoff,cutoff_source,TotChlA_mmolN,micro_mmolN,nano_mmolN,pico_mmolN,micro_frac,nano_frac,pico_frac,size_centroid,size_shannon,nbss_slope,n_hplc_samples,NO3_mmolN,PON_mmolN,PP_mgC_m2_d,Temp_C,n_niskin_samples,FN_mmolN_m2_d,zoo_gt200_mmolN,zoo_gt500_mmolN,n_zoo_samples,export_flux_mmolN,export_flux_C,trap_CN,export_flux_corrected_mmolN
1995-11-01,11-1995,1995,11,relaxed,relaxed,131,27.484450618477144,24.793,NA,25,57.60652831568538,isotherm_chl_model,NA,NA,NA,NA,NA,NA,NA,NA,NA,NA,NA,0.43376527811359833,NA,NA,26.100200091813367,1,NA,NA,NA,NA,0.39266081245091744,3.2470235617350762,8.3187578053451,1.2638788320284062
1995-12-01,12-1995,1995,12,relaxed,relaxed,115,25.49070145305514,23.893,NA,20,NA,no_prediction,NA,NA,NA,NA,NA,NA,NA,NA,NA,NA,NA,NA,NA,NA,NA,NA,NA,NA,NA,NA,0.24987506246876565,2.0397968528848556,7.813412705020398,NA
1996-01-01,01-1996,1996,1,relaxed,relaxed,103,24.288175499096262,22.742,NA,39,NA,no_prediction,NA,NA,NA,NA,NA,NA,NA,NA,NA,NA,NA,NA,NA,NA,NA,NA,NA,NA,NA,NA,0.5711429999286072,4.690145144728444,8.289603280326368,NA
1996-02-01,02-1996,1996,2,relaxed,relaxed,96,23.997194321959267,22.407,NA,29,NA,no_prediction,NA,NA,NA,NA,NA,NA,NA,NA,NA,NA,NA,NA,NA,NA,NA,NA,NA,NA,NA,NA,0.8567144998929107,7.160103238697862,8.418369099159104,NA
1996-03-01,03-1996,1996,3,upwelling,moderate,49,22.654545454545453,20.959,NA,33,30.53112994387782,isotherm_chl_model,0.5193697964026368,NA,NA,NA,NA,NA,NA,NA,NA,NA,1,1.2568494425802257,34.320595322343614,2052.0328147927407,22.267177910013853,1,5.491438005143129,NA,NA,NA,1.1422859998572144,9.574556656398302,8.600584880526185,6.339252718070906
1996-04-01,04-1996,1996,4,upwelling,moderate,49,22.82918181818182,20.899,NA,38,14.864839670058513,isotherm_chl_model,1.7659444613571549,NA,NA,NA,NA,NA,NA,NA,NA,NA,1,1.0561795530742817,25.443813959423636,842.0077093966868,22.563299075092118,1,2.1277151328322774,NA,NA,NA,0.42835724994645535,3.7465656481558574,8.746357505619848,4.408240147274662
1996-05-01,05-1996,1996,5,upwelling,moderate,32,22.782758826139236,20.768,NA,16,24.509736696242335,isotherm_chl_model,1.1237070006166494,NA,NA,NA,NA,NA,NA,NA,NA,NA,1,5.204576128710995,17.347413314252638,7753.887066354807,22.033638671370635,1,21.505074354054106,NA,NA,NA,NA,NA,NA,NA
1996-06-01,06-1996,1996,6,upwelling,weak,82,24.937818181818184,21.569,NA,20,45.021723594153464,isotherm_chl_model,0.3193576099091108,NA,NA,NA,NA,NA,NA,NA,NA,NA,1,2.5390921219740035,16.231009015609505,1197.5434458234618,23.52519053527946,1,2.850028664512254,NA,NA,NA,NA,NA,NA,NA
1996-07-01,07-1996,1996,7,relaxed,relaxed,109,27.06609090909091,22.685,NA,14,50.07636743320958,isotherm_chl_model,0.19822520159204254,0.04813416403328163,0.10078153108567847,0.049309506473082396,0.24282565307888632,0.5084193648247207,0.24875498209639282,0.793411220436075,1.0337073737937779,-0.005238611083397626,1,2.449284465529253,6.718621037875394,689.323149353102,24.55280398641245,1,1.45529710736106,NA,NA,NA,NA,NA,NA,NA
1996-08-01,08-1996,1996,8,upwelling,weak,87,25.578717959175354,21.966,NA,21,50.45248917953497,isotherm_chl_model,0.16425602762907757,NA,NA,NA,NA,NA,NA,NA,NA,NA,1,2.662394120238729,4.414523313071993,820.7743052393259,23.550813234562128,1,1.912837650437048,NA,NA,NA,NA,NA,NA,NA
1996-09-01,09-1996,1996,9,relaxed,relaxed,126,29.01,23.572,NA,16,NA,no_prediction,NA,NA,NA,NA,NA,NA,NA,NA,NA,NA,NA,NA,NA,NA,NA,NA,NA,NA,NA,NA,NA,NA,NA,NA
1996-10-01,10-1996,1996,10,relaxed,relaxed,109,27.208545454545455,23.017,NA,12,NA,no_prediction,NA,NA,NA,NA,NA,NA,NA,NA,NA,NA,NA,NA,NA,NA,NA,NA,NA,NA,NA,NA,NA,NA,NA,NA
1996-11-01,11-1996,1996,11,relaxed,relaxed,103,25.96918181818182,23.308,NA,14,39.259451834239854,isotherm_chl_model,0.5293903645426099,0.40262023948644465,0.07863629976036791,0.0481338252957973,0.7605356395829118,0.1485412372934086,0.0909231231236795,1.4689530659128138,0.7094454636581135,0.46122261274685517,1,2.1042834398815127,8.621514278845313,1616.4491119558102,24.725735010968407,1,3.498724514930169,NA,NA,NA,0.6782323124152211,4.9954208642078095,7.47551923557252,3.0335204472969606
1996-12-01,12-1996,1996,12,relaxed,relaxed,115,26.384818181818183,24.435,NA,27,NA,no_prediction,NA,NA,NA,NA,NA,NA,NA,NA,NA,NA,NA,NA,NA,NA,NA,NA,NA,NA,NA,NA,0.3569643749553795,2.7474814753142955,7.628767379901758,NA
1997-01-01,01-1997,1997,1,relaxed,relaxed,64,24.01909090909091,22.208,NA,26,23.65491475182929,isotherm_chl_model,2.2474888732910974,2.089941428967535,0.050565497413179505,0.10698194691038361,0.9299006788439137,0.02249866418209858,0.04760065697398768,1.6816405713235076,0.297889174369042,0.6454118089769768,1,2.8599047664565975,16.33625736483812,4685.0452747856825,23.802940382513857,1,11.237424479327723,NA,NA,NA,0.40455962494943015,3.0805095329281498,7.607942719174091,2.794670356173763
1997-02-01,02-1997,1997,2,upwelling,moderate,46,23.834636363636363,20.781,NA,28,37.30767524442204,isotherm_chl_model,0.4803350703466564,0.40429423195606085,0.021418045819461357,0.054622792571134206,0.8207550680219969,0.045395333022604636,0.13384959895539852,1.4862460185201802,0.5153665579367508,0.5006166548316273,2,2.862053168772437,14.712414531051959,1730.1988579386916,23.15924184640484,1,4.298324833593026,NA,NA,NA,0.9281073748839866,7.659645325118642,8.252973236072062,4.336785869123095
1997-03-01,03-1997,1997,3,upwelling,strong,19,21.948818181818183,19.639,NA,28,NA,no_prediction,NA,NA,NA,NA,NA,NA,NA,NA,NA,NA,NA,NA,NA,NA,NA,NA,NA,NA,NA,NA,1.356464624830442,10.24061277162601,7.549487531166606,NA
1997-04-01,04-1997,1997,4,upwelling,moderate,32,22.97327272727273,20.038,NA,24,25.84658886939303,isotherm_chl_model,1.18317462155973,1.0002164552126989,0.10119786707270242,0.08176029927432879,0.8453667252380337,0.08553079590170508,0.0691024788602612,1.5756047958313542,0.5369717814187993,0.5437757613262859,1,3.5375366320148802,16.631128645940677,2687.985571268955,22.57132423211618,1,7.069039975173654,NA,NA,NA,NA,NA,NA,NA
1997-05-01,05-1997,1997,5,upwelling,weak,56,24.053454545454546,21.071,NA,15,37.0154651258326,isotherm_chl_model,0.37834245196809757,0.30420661638575536,0.024464211965275068,0.049671623617067145,0.8040509723487402,0.0646615568462244,0.13128747080503547,1.4721040509972867,0.6190005765440587,0.39353014977657186,1,5.442562328957267,11.104288559942805,2245.022579146792,22.65679062067658,1,5.843311267873198,NA,NA,NA,1.6896313747887963,13.265617628285183,7.881249377613006,7.948620653888844
1997-06-01,06-1997,1997,6,relaxed,relaxed,113,25.245545454545454,22.343,NA,17,50.76446120171499,isotherm_chl_model,0.1791997681378167,0.02676389649422195,0.03154969665540167,0.12088617498819311,0.14935229421523977,0.17605880288381753,0.6745889029009428,0.2741039407678787,0.855341757526314,-0.32741364723217414,1,1.8335444727098782,5.146753794881534,940.0562189921909,23.684483389269214,1,2.1827253561538917,NA,NA,NA,0.6782323124152211,5.328448921821663,7.850897094330198,2.433216680393927
1997-07-01,07-1997,1997,7,upwelling,weak,84,23.96872727272727,21.789,NA,22,52.377947644774096,isotherm_chl_model,0.1998423113159662,0.19713141068176626,0.03311302021096793,0.03614193408595206,0.7400206489455227,0.12430448613095238,0.13567486492352487,1.4036863334755794,0.7529905469979581,0.36837222011696924,2,6.309406285046416,7.063751181106674,731.2552471868801,22.69504360881121,1,1.8131403442612533,NA,NA,NA,0.713928749910759,5.744733993838981,8.117132372248516,2.4934351557366674
1997-08-01,08-1997,1997,8,upwelling,moderate,49,23.947454545454544,20.979,NA,13,43.588743891087546,isotherm_chl_model,0.2554542662912177,0.030625336547961485,0.0542718307527433,0.17055709899051286,0.11988579009695857,0.21245223867536997,0.6676619712276713,0.2515643683228689,0.8531178178046608,-0.37289446526844344,1,NA,7.091995326991479,900.3115691696025,22.197233556849543,1,2.348234772977102,NA,NA,NA,0.3569643749553795,2.9139955041212224,8.163267005245192,1.459534215432291
1997-09-01,09-1997,1997,9,relaxed,relaxed,114,28.10309090909091,23.329,NA,18,59.03110803642171,isotherm_chl_model,0.12947826017669478,NA,NA,NA,NA,NA,NA,NA,NA,NA,1,1.7196474419415595,3.874879322588941,462.00314704781067,25.517487395321275,1,0.8598856629471074,NA,NA,NA,0.42835724994645535,3.33028057613854,7.830072433602531,1.350178785445733
1997-10-01,10-1997,1997,10,relaxed,relaxed,124,28.354636363636363,24.367,NA,11,48.4901350531437,isotherm_chl_model,0.1302970991516535,NA,NA,NA,NA,NA,NA,NA,NA,NA,1,NA,7.403658991791726,676.1838282381161,26.19679688397414,1,1.21147250474453,NA,NA,NA,0.2141786249732277,1.7850303888102577,8.334306885355092,0.7992048574682963
1997-11-01,11-1997,1997,11,relaxed,relaxed,69,26.611454545454546,23.252,48.5,18,48.5,observed,0.19172976717742177,NA,NA,NA,NA,NA,NA,NA,NA,NA,1,1.3768230541271416,5.481855116605006,600.4614235765195,25.264015607639266,1,1.1731976839286877,NA,NA,NA,0.9757026248780372,7.576388310715177,7.725065659509086,3.640186730188506
1997-12-01,12-1997,1997,12,upwelling,moderate,46,24.969545454545454,20.767,34,14,34,observed,0.3579457060216121,NA,NA,NA,NA,NA,NA,NA,NA,NA,1,1.6818726964051283,11.819867813784562,1385.3948200181908,23.158664417850726,1,3.4172146589463313,NA,NA,NA,0.9281073748839866,7.160103238697862,7.602042398634586,4.696365763375524
1998-01-01,01-1998,1998,1,upwelling,weak,91,24.85309090909091,21.933,33,21,33,observed,0.3128826270959014,0.13615382510909457,0.10220306684217571,0.07452573514463112,0.4351594282266179,0.3266498616135997,0.23819071015978238,0.9963092675204172,1.0692771541708543,0.13086178909425067,1,NA,10.550400146455098,1278.5160879124985,23.97698078868516,1,2.935602937781862,NA,NA,NA,0.3807619999524048,2.9417478422557104,7.24975855465823,1.9767021717266997
1998-02-01,02-1998,1998,2,upwelling,weak,91,25.86090909090909,21.96,NA,23,44.930437224522585,isotherm_chl_model,0.1991445617882157,0.12242746770739468,0.040089527527748935,0.036627566553072095,0.614766813655663,0.20130867329625077,0.1839245130480862,1.2301828500611585,0.9331989273884184,0.26203540024027494,1,1.0103025027246375,11.34369863302314,527.5323807286304,24.33601387517325,1,1.111992494621861,NA,NA,NA,0.39266081245091744,2.872366996919491,7.337222129714428,1.5642648557693621
1998-03-01,03-1998,1998,3,upwelling,moderate,41,22.452545454545454,20.087,14.5,38,14.5,observed,2.473664674322232,NA,NA,NA,NA,NA,NA,NA,NA,NA,1,1.3268395865138125,30.99242991792831,3563.918475859891,22.195149287861444,1,9.690340985624044,NA,NA,NA,1.7491254372813592,13.32112230455416,7.617478590753089,18.38822504904243
1998-04-01,04-1998,1998,4,relaxed,relaxed,88,26.16918181818182,22.227,45,13,45,observed,0.2359936246852607,0.06505615624178995,0.09717077355498357,0.07376669488848724,0.27566912592894766,0.4117516889898107,0.3125791850812419,0.7624304903012877,1.0840736845454833,-0.027285962690295484,1,1.3778413255387776,7.210354402891271,316.08745631039176,23.93172653712987,1,0.6515195204943713,NA,NA,NA,0.6196901549225388,4.7722920656065275,7.674137374073767,2.4654196906084462
1998-05-01,05-1998,1998,5,NA,NA,NA,NA,NA,NA,NA,NA,no_prediction,NA,NA,NA,NA,NA,NA,NA,NA,NA,NA,NA,NA,NA,NA,NA,NA,NA,NA,NA,NA,NA,NA,NA,NA
1998-06-01,06-1998,1998,6,relaxed,relaxed,116,25.907,23.526,45,18,45,observed,0.3276986662893724,NA,NA,NA,NA,NA,NA,NA,NA,NA,1,0.389234628900708,8.08657134599542,1227.104738176015,24.779023698388976,1,2.6171321232158156,NA,NA,NA,0.69608053116299,6.244276080259762,9.225787472594567,2.7693366340359846
1998-07-01,07-1998,1998,7,upwelling,weak,73,24.797363636363634,21.535,41.5,14,41.5,observed,0.23088809195074922,NA,NA,NA,NA,NA,NA,NA,NA,NA,1,2.911932675681565,8.323322510652696,425.6018654089743,23.087436113937567,1,0.9766173305667972,NA,NA,NA,0.6187382499226578,5.050925540476785,8.232682541004081,2.6387260113341555
1998-08-01,08-1998,1998,8,relaxed,relaxed,110,28.214727272727274,23.057,48,17,48,observed,0.15075122911507863,NA,NA,NA,NA,NA,NA,NA,NA,NA,1,0.13259521765061894,7.4976942189535425,530.0762595736128,26.08833646148505,1,0.942328457028281,NA,NA,NA,0.5711429999286072,4.412621763383565,7.774540004995422,2.1498713749716085
1998-09-01,09-1998,1998,9,relaxed,relaxed,118,28.39390909090909,23.439,57.5,13,57.5,observed,0.14482678493672355,NA,NA,NA,NA,NA,NA,NA,NA,NA,1,0.6431761937770549,6.314083433567403,532.9593687830504,25.37199731259481,1,1.0200799000274847,NA,NA,NA,0.713928749910759,5.744733993838982,8.09038069269836,2.3016138440691805
1998-10-01,10-1998,1998,10,relaxed,relaxed,111,27.06009090909091,23.903,52.5,13,52.5,observed,0.3113866277003553,NA,NA,NA,NA,NA,NA,NA,NA,NA,1,0.9165248438506092,6.03541618624824,1034.5746659601793,25.163177158587622,1,2.1115376056793833,NA,NA,NA,0.39540669225826647,3.1189358472682094,7.83733436657423,1.3782243978473574
1998-11-01,11-1998,1998,11,relaxed,relaxed,123,27.363454545454545,24.336,57,22,57,observed,0.20837297641580696,NA,NA,NA,NA,NA,NA,NA,NA,NA,1,NA,4.3061950386997605,541.6959982771991,25.844209666396118,1,0.9898587017185025,NA,NA,NA,0.6782323124152211,5.120306385813005,7.528346238170566,2.202979475667066
1998-12-01,12-1998,1998,12,relaxed,relaxed,110,26.98781818181818,23.443,56.5,26,56.5,observed,0.9389231899644789,NA,NA,NA,NA,NA,NA,NA,NA,NA,1,NA,3.8694563627127567,585.8574416611254,25.423415027029783,1,1.1246111479214946,NA,NA,NA,0.42835724994645535,2.872366996919491,6.70554075430855,1.40191329390983
1999-01-01,01-1999,1999,1,upwelling,weak,76,24.559363636363635,21.992,28.5,22,28.5,observed,0.06356716821428833,NA,NA,NA,NA,NA,NA,NA,NA,NA,1,1.4107941057211357,14.615221014889554,1688.45550082183,23.906690840365332,1,3.9376772737660346,NA,NA,NA,0.2617738749672783,1.9704160075486363,7.48947353814559,1.5411397154661826
1999-02-01,02-1999,1999,2,upwelling,weak,61,22.418545454545455,21.947,NA,56,22.055749486634884,isotherm_chl_model,NA,NA,NA,NA,NA,NA,NA,NA,NA,NA,1,2.1959496911617236,15.269618925091294,3665.1061324702328,22.223458732789055,1,9.948189939493266,NA,NA,NA,0.1427857499821518,0.9574556656398302,6.705540754308551,1.0474076600294548
1999-03-01,03-1999,1999,3,upwelling,weak,55,24.444454545454544,21.16,49.2,14,49.2,observed,NA,NA,NA,NA,NA,NA,NA,NA,NA,NA,1,2.078046673036301,14.097834300033707,1205.2458440285545,22.62271357638182,1,3.08540314452796,NA,NA,NA,0.2855714999643036,2.289567896095246,7.813412705020398,1.0524013706559807
1999-04-01,04-1999,1999,4,upwelling,weak,79,25.689363636363638,21.73,48.5,21,48.5,observed,0.1288366409666647,NA,NA,NA,NA,NA,NA,NA,NA,NA,1,0.6014615560885546,7.385580947479712,411.3084977618715,24.132167411862625,1,0.8611193366299142,NA,NA,NA,0.47181378254971895,3.5547125280087455,7.504121222212972,1.7602599670900942
1999-05-01,05-1999,1999,5,relaxed,relaxed,104,25.758181818181818,22.17,45.2,20,45.2,observed,NA,NA,NA,NA,NA,NA,NA,NA,NA,NA,1,0.9609522637878274,11.420735854977039,1163.5366430032527,24.1938448686075,1,2.611276447832826,NA,NA,NA,1.0708931248661384,8.741986512363667,8.08228221352649,4.244337921911493
1999-06-01,06-1999,1999,6,relaxed,relaxed,81,25.862,22.488,48.8,16,48.8,observed,0.3840517625536381,NA,NA,NA,NA,NA,NA,NA,NA,NA,1,1.7752442567770645,11.372316001045515,1740.977170491211,23.854499033054825,1,4.082105936833586,NA,NA,NA,0.8924109373884487,7.076846224294398,7.968903505120307,3.311869972725738
1999-07-01,07-1999,1999,7,relaxed,relaxed,93,26.383909090909093,22.276,40,14,40,observed,0.2084797355070239,NA,NA,NA,NA,NA,NA,NA,NA,NA,1,0.7358969040306288,10.126795909730975,1139.278330726673,24.1845972355021,1,2.55661047814586,NA,NA,NA,0.5949406249256325,4.773402159131908,8.009010259114332,2.6186578224511696
1999-08-01,08-1999,1999,8,relaxed,relaxed,106,27.278,23.121,47.8,14,47.8,observed,0.1451089310684826,NA,NA,NA,NA,NA,NA,NA,NA,NA,1,0.4841441466489121,8.398427323356591,807.9888016562837,24.742818323191187,1,1.6935600999484584,NA,NA,NA,0.4640536874419933,3.829822662559321,8.246565648155856,1.7530394652217054
1999-09-01,09-1999,1999,9,relaxed,relaxed,121,28.979454545454544,24.209,50,13,50,observed,0.0975032459798416,NA,NA,NA,NA,NA,NA,NA,NA,NA,1,0.21163269745349847,6.208693738327294,456.1857271145093,26.48114136657266,1,0.7660869530964745,NA,NA,NA,0.6068394374241451,5.037049371409542,8.404833069686122,2.205617169661386
1999-10-01,10-1999,1999,10,relaxed,relaxed,123,28.313454545454544,24.725,59,18,59,observed,0.07113337543370896,NA,NA,NA,NA,NA,NA,NA,NA,NA,1,NA,6.7262597869713865,395.33450912375446,26.28041247429281,1,0.6682087832410067,NA,NA,NA,0.6754864326078719,5.494962950628591,8.157286589856735,2.1300912335875584
1999-11-01,11-1999,1999,11,relaxed,relaxed,115,28.412636363636363,25.754,48,21,48,observed,0.051547994523166114,NA,NA,NA,NA,NA,NA,NA,NA,NA,1,NA,4.745212747498452,669.3593421634399,27.26880214139169,1,1.060244019560842,NA,NA,NA,1.249375312343828,10.532012322038131,8.18535376662302,4.702843632750393
1999-12-01,12-1999,1999,12,relaxed,relaxed,127,28.527454545454546,27.855,55,40,55,observed,0.06552892536135198,NA,NA,NA,NA,NA,NA,NA,NA,NA,1,0.14079165513658187,4.7251095021197385,489.99186780198914,28.278573419280224,1,0.6634698673679376,NA,NA,NA,0.6663334999167083,5.439458274359615,8.139707793108842,2.2316858558177732
2000-01-01,01-2000,2000,1,relaxed,relaxed,82,25.179454545454544,22.094,34.4,37,34.4,observed,0.44842927769132906,0.24713567382516385,0.08707152336066552,0.11422208050549972,0.5511140465616001,0.19417002344035209,0.2547159299980478,1.095738666017134,0.9949610834200548,0.1675926867909392,1,1.4082623852457912,11.796293149236737,3023.635306709969,24.636338702530946,1,6.6953988592266995,NA,NA,NA,0.49975012493753124,4.28773624177837,8.576289443010575,2.5035620987469085
2000-02-01,02-2000,2000,2,upwelling,moderate,44,23.540727272727274,20.679,38.5,35,38.5,observed,0.49493718957938365,0.2778309106983864,0.10183964130014748,0.11526663758084978,0.5613457960887878,0.20576275827382187,0.2328914456373903,1.1277948999049792,0.9888140678382633,0.19103846893077886,1,2.232348706966597,13.80389972442188,1410.0236827412132,22.91742931800254,1,3.5481940110567303,NA,NA,NA,1.5349468123081316,11.989010074098744,7.751401493075792,6.981369524928885
2000-03-01,03-2000,2000,3,upwelling,moderate,47,24.70909090909091,20.883,55.5,15,55.5,observed,0.09724904667651423,NA,NA,NA,NA,NA,NA,NA,NA,NA,1,4.938613694258178,5.997622494226847,821.3214058613007,22.30002800099115,1,2.114607379667274,NA,NA,NA,0.678232312415221,5.411705936225126,7.904851897124606,2.2539677491373498
2000-04-01,04-2000,2000,4,upwelling,weak,54,24.420181818181817,21.342,37.1,27,NA,no_prediction,NA,NA,NA,NA,NA,NA,NA,NA,NA,NA,NA,NA,NA,NA,NA,NA,NA,NA,NA,NA,0.3185220576524924,2.715459546697579,8.486209436221925,NA
2000-05-01,05-2000,2000,5,upwelling,moderate,29,23.589,20.178,34.6,12,34.6,observed,0.34426712121707953,0.1916630412549268,0.06069130083753904,0.09191277912461378,0.5567276961486908,0.17629130723543535,0.2669809966158739,1.0890872489863985,0.9846071933271469,0.1595812386316287,1,1.7568748795749736,15.983039518811474,814.9030213620993,22.15511074922777,1,2.1201327577917444,NA,NA,NA,1.63837495171828,13.043598923209283,7.887503406777405,8.166925754082635
2000-06-01,06-2000,2000,6,upwelling,weak,93,24.99718181818182,21.991,41,26,41,observed,0.11583119503366585,0.016012122728320165,0.043243657394616504,0.05657541491072918,0.1382367049193122,0.37333343044633116,0.48842986463435667,0.4491473897385373,0.9913693233117881,-0.2740894187316709,1,0.5279015743887863,6.362257886574173,654.6860629853245,24.168205940407347,1,1.4254816924104476,NA,NA,NA,0.6068394374241451,4.9121638498043465,8.182703355257681,2.61503706313246
2000-07-01,07-2000,2000,7,upwelling,moderate,49,23.34481818181818,20.905,15.9,23,15.9,observed,0.0792522714873157,NA,NA,NA,NA,NA,NA,NA,NA,NA,1,1.4982312359249947,13.781462727157018,1720.2709175823215,22.851824306496248,1,4.379413837161632,NA,NA,NA,0.5354465624330692,3.9963366913662477,7.46564087086837,5.201037709829849
2000-08-01,08-2000,2000,8,relaxed,relaxed,114,28.31327272727273,24.101,55.9,22,55.9,observed,0.10222061484561054,NA,NA,NA,NA,NA,NA,NA,NA,NA,1,0.06147500498102083,5.974455912596186,790.4893692389012,25.933891114687295,1,1.4714147021341113,NA,NA,NA,0.642535874919683,5.2451919074182,8.223847836452949,2.1222212075374127
2000-09-01,09-2000,2000,9,relaxed,relaxed,112,27.42809090909091,23.26,37,12,37,observed,0.14466653976041205,0.03335351676943925,0.04110707623119098,0.07020594675978181,0.230554465633016,0.28415054579497123,0.48529498857201286,0.544600026514585,1.0466854341529046,-0.1616161340195754,1,0.04176338964937712,6.159467290661706,908.0099023375196,25.502625007364667,1,1.7805352308815632,NA,NA,NA,0.39266081245091744,2.955624011322954,7.463558404795604,1.84787709435508
2000-10-01,10-2000,2000,10,relaxed,relaxed,125,27.178272727272727,23.856,56.3,14,56.3,observed,0.11704174560923145,NA,NA,NA,NA,NA,NA,NA,NA,NA,1,0.552450648913449,9.873192904895163,567.1387945410758,25.223624507565116,1,1.1073071778225652,NA,NA,NA,0.2855714999643036,2.1230538672883195,7.4344038797768714,0.9374567930615986
2000-11-01,11-2000,2000,11,relaxed,relaxed,112,28.010636363636362,24.077,NA,12,47.02184319080684,isotherm_chl_model,NA,NA,NA,NA,0.3606701104529777,0.16714300914911728,0.47218688039790513,0.6878237795086544,1.021131179831007,NA,1,0.22053272240254557,6.440582130145788,333.3689967794501,26.209539113261375,1,0.5558562557538103,NA,NA,NA,1.9276076247590492,13.903921405378403,7.213045449079085,7.385129876709252
2000-12-01,12-2000,2000,12,relaxed,relaxed,82,25.14,22.992,NA,27,38.63361361806384,isotherm_chl_model,NA,NA,NA,NA,0.5804751107627211,0.1648720481636893,0.2546528410735896,1.125162819142713,0.961249162201385,NA,1,0.6735758161671177,24.175394522902526,1657.2715998199285,NA,1,NA,NA,NA,NA,1.0232978748720878,8.048178059001472,7.991284756649838,4.640432052078822
2001-01-01,01-2001,2001,1,upwelling,weak,92,23.75018181818182,21.795,26.1,31,26.1,observed,NA,NA,NA,NA,0.9118531089166811,0.04237014799621769,0.04577674308710101,1.6654169152831617,0.35926223552570896,NA,1,0.08988888983164278,22.562681179726706,2292.4382105247273,NA,1,NA,NA,NA,NA,0.49975012493753124,4.162850720173175,8.329864291066523,3.1728384260529
2001-02-01,02-2001,2001,2,upwelling,moderate,47,21.834454545454545,20.683,23.4,49,23.4,observed,NA,NA,NA,NA,0.9245066684884912,0.033869612470171694,0.0416237190413371,1.6822234989007359,0.31955117725962334,NA,1,1.8640616421744003,28.684679323686485,2438.0555936048445,21.614337699005784,1,6.873174302499393,NA,NA,NA,1.21367887484829,11.322953958871036,9.329448005994507,8.462315003853647
2001-03-01,03-2001,2001,3,upwelling,strong,26,21.653181818181817,19.904,16.4,36,16.4,observed,NA,NA,NA,NA,0.9407351533371439,0.029170421742387837,0.03009442492046821,1.7099812778702574,0.2660119704464018,NA,1,0.9566570764793918,43.39269783727258,3388.7230093324306,21.554650359620318,1,9.650512539267096,NA,NA,NA,NA,NA,NA,NA
2001-04-01,04-2001,2001,4,upwelling,moderate,49,24.069181818181818,20.957,36,33,36,observed,NA,NA,NA,NA,0.6989415485571836,0.14115141890479568,0.15990703253802085,1.3383750654727447,0.819851671208631,NA,1,0.5816020578434746,14.793295800407577,1597.998511736888,23.64533906545119,1,3.804357491539355,NA,NA,NA,NA,NA,NA,NA
2001-05-01,05-2001,2001,5,upwelling,weak,82,25.210818181818183,21.577,47,23,47,observed,NA,NA,NA,NA,0.22598516434075816,0.266564507201239,0.507450328458003,0.5178753853363369,1.0327720907688251,NA,1,1.2444588365320057,8.935077015842383,1008.8211616255792,23.927673283224966,1,2.30234833388029,NA,NA,NA,NA,NA,NA,NA
2001-06-01,06-2001,2001,6,relaxed,relaxed,68,24.782999999999998,22.008,60.5,31,NA,no_prediction,NA,NA,NA,NA,NA,NA,NA,NA,NA,NA,NA,NA,NA,NA,NA,NA,NA,NA,NA,NA,NA,NA,NA,NA
2001-07-01,07-2001,2001,7,upwelling,weak,57,24.946636363636365,21.366,38.8,13,38.8,observed,NA,NA,NA,NA,0.5654925020834097,0.29485067373675944,0.13965682417983086,1.2251762273571605,0.9573845653533721,NA,1,1.7261780002111264,14.391497256762678,1192.7049696810395,23.095729664560388,1,2.9398453742711506,NA,NA,NA,NA,NA,NA,NA
2001-08-01,08-2001,2001,8,relaxed,relaxed,99,27.97418181818182,24.554,63.9,21,63.9,observed,NA,NA,NA,NA,NA,NA,NA,NA,NA,NA,NA,0.1706409595795438,6.19432626385924,NA,25.946938223459185,1,NA,NA,NA,NA,NA,NA,NA,NA
2001-09-01,09-2001,2001,9,relaxed,relaxed,123,26.52090909090909,22.763,61.6,19,NA,no_prediction,NA,NA,NA,NA,NA,NA,NA,NA,NA,NA,NA,NA,NA,NA,NA,NA,NA,NA,NA,NA,NA,NA,NA,NA
2001-10-01,10-2001,2001,10,relaxed,relaxed,119,26.38090909090909,23.431,46.7,16,46.7,observed,NA,NA,NA,NA,NA,NA,NA,NA,NA,NA,NA,1.8370157195559251,9.937243907215665,1080.1291663424006,24.669137895529193,1,2.3145526301271886,0.1348968940976859,0.08017218355772705,1,NA,NA,NA,NA
2001-11-01,11-2001,2001,11,relaxed,relaxed,123,27.870363636363635,24.408,62.7,22,62.7,observed,NA,NA,NA,NA,NA,NA,NA,NA,NA,NA,NA,NA,8.390418162502812,650.2664319322978,25.956617788617255,1,1.19175168579717,0.03734492953984887,0.011746739352426438,1,NA,NA,NA,NA
2001-12-01,12-2001,2001,12,relaxed,relaxed,116,27.07590909090909,24.284,57,20,57,observed,NA,NA,NA,NA,NA,NA,NA,NA,NA,NA,NA,1.1818929494939159,9.510816613544227,615.8797716241622,25.6807332252533,1,1.156614886331345,0.02813373760859661,0.0035898839017799635,1,0.7972204374003475,6.577304137873617,8.289319307680081,2.589467102977078
2002-01-01,01-2002,2002,1,relaxed,relaxed,123,24.780363636363635,22.785,NA,37,40.10960532668166,isotherm_chl_model,NA,NA,NA,NA,NA,NA,NA,NA,NA,NA,NA,0.13955544399524286,17.33760078570867,1143.4244552509708,24.464845396816123,1,2.502741646543458,0.05147911331751842,0.024784377798375563,1,0.6068394374241451,4.870535342602615,8.06608525518275,2.6647672374121325
2002-02-01,02-2002,2002,2,relaxed,relaxed,71,22.91481818181818,22.123,24.1,56,24.1,observed,NA,NA,NA,NA,NA,NA,NA,NA,NA,NA,NA,1.419311188335625,23.83174147424088,3201.316825769655,22.695748005549085,1,8.36329619023945,0.0649521625060877,NA,1,0.4997501249375313,3.6216801265506624,7.521867454833071,3.3974642017521948
2002-03-01,03-2002,2002,3,upwelling,moderate,35,22.922454545454546,20.546,21.8,22,21.8,observed,NA,NA,NA,NA,NA,NA,NA,NA,NA,NA,NA,2.3508697863210988,27.58171210628693,2678.0136335909137,22.733244649658992,1,6.954100660815524,0.053037563037091735,0.027499096664729078,1,NA,NA,NA,NA
2002-04-01,04-2002,2002,4,upwelling,moderate,50,24.23109090909091,20.995,34,15,34,observed,NA,NA,NA,NA,NA,NA,NA,NA,NA,NA,NA,1.195659970164059,16.429039584467933,1503.8699886392922,23.140046080580344,1,3.725601894254939,0.043787409862850145,0.04177650699888458,1,NA,NA,NA,NA
2002-05-01,05-2002,2002,5,relaxed,relaxed,112,26.17890909090909,23.759,50.5,28,50.5,observed,NA,NA,NA,NA,NA,NA,NA,NA,NA,NA,NA,0.38641116102969225,9.053692306829765,488.1142820584589,25.121330558632458,1,0.949660933263271,0.02262265721961259,0.00658570687948722,1,NA,NA,NA,NA
2002-06-01,06-2002,2002,6,relaxed,relaxed,111,26.450636363636363,22.793,57.1,17,57.1,observed,NA,NA,NA,NA,NA,NA,NA,NA,NA,NA,NA,0.6248261131638089,6.424863555014216,400.42436905115323,24.465710765204975,1,0.8112658914831343,0.05343974360988485,0.022823747506009146,1,0.9281073748839866,7.8261593539255685,8.432385697725802,3.0100731048759486
2002-07-01,07-2002,2002,7,upwelling,weak,55,23.22563636363636,21.059,NA,61,38.76172684157389,isotherm_chl_model,NA,NA,NA,NA,NA,NA,NA,NA,NA,NA,NA,7.043292821592246,10.511453471549542,1859.454998888117,21.922422126920594,1,5.092790978677824,0.00703816002387947,0.004423986300724239,1,1.285071749839366,10.462631476701912,8.13411248022646,5.810989662669058
2002-08-01,08-2002,2002,8,upwelling,weak,90,27.270545454545456,21.951,NA,21,45.08848745924128,isotherm_chl_model,NA,NA,NA,NA,NA,NA,NA,NA,NA,NA,NA,0.44874525777641777,8.457812490197114,1246.8381865980284,25.0786581302389,1,2.5865320217471295,0.008998790316245897,0.006434889164689803,1,0.44025606244496795,3.3719090833402716,7.614730016003849,1.7485964951247288
2002-09-01,09-2002,2002,9,NA,NA,NA,NA,NA,NA,NA,NA,no_prediction,NA,NA,NA,NA,NA,NA,NA,NA,NA,NA,NA,NA,NA,NA,NA,NA,NA,NA,NA,NA,1.320768187334904,10.157355757222547,7.765901627212093,NA
2002-10-01,10-2002,2002,10,relaxed,relaxed,123,28.354909090909093,24.975,NA,15,51.144100798566654,isotherm_chl_model,NA,NA,NA,NA,NA,NA,NA,NA,NA,NA,NA,0.7921180318503498,7.394590600296604,969.2145814524322,26.50989218122123,1,1.7148416126825041,0.06208662592493677,0.007540885739870864,1,0.5901810999262274,5.333999389448562,8.910918602392252,2.103833268053076
2002-11-01,11-2002,2002,11,relaxed,relaxed,113,26.57190909090909,23.636,NA,21,56.6884144202117,isotherm_chl_model,NA,NA,NA,NA,NA,NA,NA,NA,NA,NA,NA,0.803836306743697,6.941994165433422,850.7030510328236,25.14060667638357,1,1.7223354688826789,0.023929744081190203,0.016740766342513314,1,1.047095499869113,8.769738850498156,8.46893268065527,3.4171242916601554
2002-12-01,12-2002,2002,12,upwelling,weak,99,24.26190909090909,21.918,29.4,19,29.4,observed,NA,NA,NA,NA,NA,NA,NA,NA,NA,NA,NA,2.939066027374089,8.205444083329928,2656.004907710101,23.712789018042667,1,6.366648320547868,0.027750459522724768,0.009551788603836426,1,1.285071749839366,10.157355757222547,7.904115671745345,7.366445286096657
2003-01-01,01-2003,2003,1,upwelling,weak,57,23.626636363636365,21.153,23.6,29,23.6,observed,NA,NA,NA,NA,NA,NA,NA,NA,NA,NA,NA,0.6043362080621913,31.21692648456813,2182.5880493332984,23.25807656808349,1,5.4112996044389865,0.060276813347367765,0.023829198937991927,1,0.7377263749077843,5.911248022645909,7.950630013655574,5.106336284621175
2003-02-01,02-2003,2003,2,upwelling,weak,72,23.643727272727272,21.503,19.1,25,19.1,observed,NA,NA,NA,NA,NA,NA,NA,NA,NA,NA,NA,0.22280761531598162,29.764441148619873,2290.277631181224,23.32994539553707,1,5.651099444544318,0.059321634486984125,0.043938227577647565,1,0.2855714999643036,1.9149113312796604,6.70554075430855,2.3700681501691747
2003-03-01,03-2003,2003,3,upwelling,moderate,44,22.48102738261938,20.463918146443632,22.9,41,22.9,observed,NA,NA,NA,NA,NA,NA,NA,NA,NA,NA,NA,0.9761791963924472,29.168171125243624,2078.195261989445,22.092550786513467,1,5.636603672403135,0.1098455689441189,0.05721018647982028,1,NA,NA,NA,NA
2003-04-01,04-2003,2003,4,relaxed,relaxed,97,25.168729983947987,23.059816236509,53.5,27,53.5,observed,NA,NA,NA,NA,NA,NA,NA,NA,NA,NA,NA,0.9228532728159835,7.9903950728695445,811.5964782832723,24.117116109783982,1,1.800578529135601,0.060176268204169485,0.04232950528647511,1,NA,NA,NA,NA
2003-05-01,05-2003,2003,5,upwelling,weak,78,24.33459544375516,21.867904800778415,32.9,29,32.9,observed,NA,NA,NA,NA,NA,NA,NA,NA,NA,NA,NA,1.4829213585315917,23.6497628464476,1407.2118502879325,23.74115688192462,1,3.309006589175839,0.05660691562063061,0.03031436067428087,1,2.1060898122367386,16.942802431104823,8.035673083986739,10.962141594750387
2003-06-01,06-2003,2003,6,relaxed,relaxed,107,25.420244168168903,22.345659360869575,55,12,55,observed,NA,NA,NA,NA,NA,NA,NA,NA,NA,NA,NA,0.9307817702569869,7.800623428998512,588.8271660404675,23.661653758751992,1,1.3285350994470901,0.06821987966003175,0.04423986300724239,1,0.8567144998929107,6.535675630671885,7.491977941788655,2.869310386051423
2003-07-01,07-2003,2003,7,upwelling,weak,86,25.317675221380576,21.939602769912508,NA,17,48.84865929159507,isotherm_chl_model,NA,NA,NA,NA,NA,NA,NA,NA,NA,NA,NA,1.4456794861912463,6.484334091626225,504.9776996991717,23.402385742068727,1,1.1489114645387934,0.03770442869935431,0.026393100089548018,1,0.7377263749077843,5.800238670107957,7.589431909638387,2.73547240844603
2003-08-01,08-2003,2003,8,upwelling,weak,89,26.116572965781653,21.459894199165618,NA,12,NA,no_prediction,NA,NA,NA,NA,NA,NA,NA,NA,NA,NA,NA,NA,NA,NA,NA,NA,NA,NA,NA,NA,1.4992503748125938,12.655066189326451,8.441560198605824,NA
2003-09-01,09-2003,2003,9,relaxed,relaxed,127,27.11355111781665,23.43425589979041,46.1,18,NA,no_prediction,NA,NA,NA,NA,NA,NA,NA,NA,NA,NA,NA,NA,NA,NA,NA,NA,NA,0.0430835938604622,0.02423137951078504,1,0.8567144998929107,7.36824577470652,8.616781838869924,NA
2003-10-01,10-2003,2003,10,NA,NA,NA,NA,NA,NA,NA,NA,no_prediction,NA,NA,NA,NA,NA,NA,NA,NA,NA,NA,NA,NA,NA,NA,NA,NA,NA,NA,NA,NA,0.42835724994645535,3.3302805761385392,7.774540004995421,NA
2003-11-01,11-2003,2003,11,relaxed,relaxed,134,28.677607138153274,26.43308762192755,NA,25,55.01931547078031,isotherm_chl_model,NA,NA,NA,NA,NA,NA,NA,NA,NA,NA,NA,0.34607408042562615,7.457750784580255,829.9154470653154,27.516563762408115,1,1.2929107377899556,0.021768023502427226,0.015433679480935698,1,0.8924109373884487,7.076846224294398,7.9689035051203065,2.9879646703858915
2003-12-01,12-2003,2003,12,relaxed,relaxed,121,27.663565683404606,25.11114989939638,NA,24,58.576323946977034,isotherm_chl_model,NA,NA,NA,NA,NA,NA,NA,NA,NA,NA,NA,0.31436279902373493,5.913580685304204,404.98727792857085,26.33420360339485,1,0.6824101883375221,0.04564749501201829,0.01965657549526338,1,0.8924109373884487,6.868703688285738,7.678620355583139,2.831600052123896
2004-01-01,01-2004,2004,1,relaxed,relaxed,83,25.06242380708587,23.472252754744687,NA,38,36.59540129029365,isotherm_chl_model,NA,NA,NA,NA,NA,NA,NA,NA,NA,NA,NA,1.4638608527457364,21.338073872480106,908.3099566976177,24.86189521966036,1,1.8953438141798944,0.05359056132468226,0.014227137762556363,1,0.8924109373884487,7.118474731496129,7.932460348846891,4.239528274601779
2004-02-01,02-2004,2004,2,relaxed,relaxed,112,24.217480948344996,22.631853757103674,NA,31,NA,no_prediction,NA,NA,NA,NA,NA,NA,NA,NA,NA,NA,NA,NA,NA,NA,NA,NA,NA,0.02815264009551788,0.016640221199315037,1,0.606839437424145,4.662392806593956,7.61551532307506,NA
2004-03-01,03-2004,2004,3,relaxed,relaxed,101,24.607193306111924,22.54694711098755,NA,34,NA,no_prediction,NA,NA,NA,NA,NA,NA,NA,NA,NA,NA,NA,NA,NA,NA,NA,NA,NA,0.031018176676668813,0.023929744081190203,1,0.2855714999643036,2.4144534177004413,8.45481225543252,NA
2004-04-01,04-2004,2004,4,relaxed,relaxed,88,25.454440957227703,22.19740380384077,NA,20,47.2212861058183,isotherm_chl_model,NA,NA,NA,NA,NA,NA,NA,NA,NA,NA,NA,0.6588808487922757,6.954582472652699,965.9454978734188,23.75090144225906,1,2.2333475062402224,0.09204907859802365,0.05323865332348828,1,NA,NA,NA,NA
2004-05-01,05-2004,2004,5,upwelling,weak,108,23.921915326750398,21.84438097159291,NA,22,NA,no_prediction,NA,NA,NA,NA,NA,NA,NA,NA,NA,NA,NA,NA,NA,NA,NA,NA,NA,0.05766263962421253,0.02568928408716007,1,2.2131791247233528,17.35908750312214,7.8531384110020355,NA
2004-06-01,06-2004,2004,6,relaxed,relaxed,112,25.554310895293785,22.970380791059668,NA,16,54.32585347214542,isotherm_chl_model,NA,NA,NA,NA,NA,NA,NA,NA,NA,NA,NA,0.8784266060521713,7.833914369135981,514.2749701985604,24.432302018299293,1,1.0722275922006081,0.07043187281039386,0.0538921967542771,1,0.9281073748839866,7.493131296311715,8.073560774418322,3.141486498219816
2004-07-01,07-2004,2004,7,upwelling,weak,61,25.71817394830695,21.511244098034815,NA,16,39.447090165855755,isotherm_chl_model,NA,NA,NA,NA,NA,NA,NA,NA,NA,NA,NA,1.5003685696188245,11.276417159347623,1057.679079069324,23.910759291601934,1,2.4228376944055325,0.09124471745243742,0.03976560413491901,1,1.1422859998572144,9.21377626064996,8.055319041695439,5.088228520037251
2004-08-01,08-2004,2004,8,upwelling,weak,108,24.796726903009617,21.60354764134285,NA,14,44.18919789702744,isotherm_chl_model,NA,NA,NA,NA,NA,NA,NA,NA,NA,NA,NA,0.8887804599416804,11.231564795816846,781.9534061733668,23.00193865179994,1,1.9005032485162388,0.07943066312663975,0.044541498436837225,1,0.713928749910759,5.744733993838982,8.04664890517026,2.88500282136712
2004-09-01,09-2004,2004,9,relaxed,relaxed,121,27.793133502551882,24.74078913947001,NA,22,51.27813282174407,isotherm_chl_model,NA,NA,NA,NA,NA,NA,NA,NA,NA,NA,NA,NA,10.19288671476301,1072.2969785038563,26.084543349243788,1,1.9967406790189626,0.0575118219094151,0.016288313198121063,1,0.17848218747768976,1.1655982016484892,6.6083590042461084,0.634812764048678
2004-10-01,10-2004,2004,10,relaxed,relaxed,135,28.746453775879086,25.740356925693973,NA,16,56.15566100605287,isotherm_chl_model,NA,NA,NA,NA,NA,NA,NA,NA,NA,NA,NA,NA,6.325400375522569,923.1713118296116,26.976736668842445,1,1.5446277639711914,0.027147188663535108,0.014126592619358084,1,0.06282572999214679,0.5428357339105819,6.413995504121221,0.20669524391409724
2004-11-01,11-2004,2004,11,relaxed,relaxed,128,28.429072125749986,25.417034241659852,NA,15,55.580216233630836,isotherm_chl_model,NA,NA,NA,NA,NA,NA,NA,NA,NA,NA,NA,0.6820430497004561,5.744526181800135,429.810201398581,26.6268778067223,1,0.7057178766305153,0.017142946915306427,0.015031498908142588,1,0.8924109373884487,6.743818166680542,7.580176504870535,2.9620741480770727
2004-12-01,12-2004,2004,12,relaxed,relaxed,80,25.967339593072687,22.727356998554946,NA,31,48.6360371094068,isotherm_chl_model,NA,NA,NA,NA,NA,NA,NA,NA,NA,NA,NA,4.128681276938132,11.64921806277521,1136.9017501649178,24.994896367181305,1,2.36831576141703,0.029158091527500665,0.009803151461832122,1,0.713928749910759,5.49496295062859,7.774540004995422,2.6571578363229937
2005-01-01,01-2005,2005,1,relaxed,relaxed,85,25.351965439499487,22.57166351454881,NA,27,42.57327541728155,isotherm_chl_model,NA,NA,NA,NA,NA,NA,NA,NA,NA,NA,NA,1.0331908425163332,14.158054405865926,1139.7960406564782,24.500485093542785,1,2.486397779137053,0.030113270387884312,0.014880681193345166,1,1.2850717498393662,10.365498293231207,8.068514798934311,5.361673645321674
2005-02-01,02-2005,2005,2,relaxed,relaxed,111,26.30417896892348,22.792905744963264,NA,22,NA,no_prediction,NA,NA,NA,NA,NA,NA,NA,NA,NA,NA,NA,NA,NA,NA,NA,NA,NA,0.04906602988075974,0.03564325326378961,1,0.42835724994645535,3.2470235617350762,7.580176504870535,NA
2005-03-01,03-2005,2005,3,relaxed,relaxed,73,25.891475301076017,22.727398416686974,NA,27,NA,no_prediction,NA,NA,NA,NA,NA,NA,NA,NA,NA,NA,NA,NA,NA,NA,NA,NA,NA,0.06892369566241968,0.030012725244686032,1,0.5473453749315819,4.162850720173175,7.575759152594971,NA
2005-04-01,04-2005,2005,4,upwelling,weak,61,23.244067791541866,21.528898851115493,NA,36,35.9036996029537,isotherm_chl_model,NA,NA,NA,NA,NA,NA,NA,NA,NA,NA,NA,1.9997359643734551,17.346127769556066,2330.772322959066,22.81737570451225,1,5.995594357182356,0.05469655789986333,0.03760388355615604,1,1.296494609837938,10.307218383148781,7.892679210723504,6.260858392720004
2005-05-01,05-2005,2005,5,relaxed,relaxed,119,27.531558397964645,24.06244500734348,NA,17,55.407370116158624,isotherm_chl_model,NA,NA,NA,NA,NA,NA,NA,NA,NA,NA,NA,NA,5.928678194635845,669.7668951129605,25.940174170789582,1,1.2322484925805421,0.04971957331154856,0.03217444582344901,1,1.1422859998572144,8.658729497960204,7.580176504870535,3.801600777060271
2005-06-01,06-2005,2005,6,relaxed,relaxed,108,28.844860374245513,24.399374422359514,NA,15,56.512022297935935,isotherm_chl_model,NA,NA,NA,NA,NA,NA,NA,NA,NA,NA,NA,NA,4.487983199030665,848.1166545012468,26.406921709652977,1,1.5068790190928039,0.03091763153347054,0.030364633245880013,1,0.6425358749196831,4.745649820997419,7.37177564084774,2.102486098506612
2005-07-01,07-2005,2005,7,relaxed,relaxed,115,27.09001216934952,22.631232039367397,NA,23,52.642348102660925,isotherm_chl_model,NA,NA,NA,NA,NA,NA,NA,NA,NA,NA,NA,1.7886922044346971,5.5482785864669335,865.4683311563031,25.03607052037511,1,1.771647770010599,0.04117323613969491,0.015433679480935698,1,0.42835724994645535,3.038881025726418,7.191449504620765,1.4896117024461462
2005-08-01,08-2005,2005,8,upwelling,weak,63,26.088095629083995,21.28710883638416,NA,12,NA,no_prediction,NA,NA,NA,NA,NA,NA,NA,NA,NA,NA,NA,NA,NA,NA,NA,NA,NA,0.02825318523871617,0.010205332034625232,1,0.5711429999286072,4.454250270585297,7.7259491299642,NA
2005-09-01,09-2005,2005,9,NA,NA,NA,NA,NA,NA,NA,NA,no_prediction,NA,NA,NA,NA,NA,NA,NA,NA,NA,NA,NA,NA,NA,NA,NA,NA,NA,NA,NA,NA,0.39266081245091744,2.747481475314295,6.938776954458413,NA
2005-10-01,10-2005,2005,10,relaxed,relaxed,133,29.226026644812336,25.570562519574267,NA,27,NA,no_prediction,NA,NA,NA,NA,NA,NA,NA,NA,NA,NA,NA,NA,NA,NA,NA,NA,NA,NA,NA,NA,0.21417862497322768,1.6235117808675381,7.871721755057863,NA
2005-11-01,11-2005,2005,11,NA,NA,NA,NA,NA,NA,NA,NA,no_prediction,NA,NA,NA,NA,NA,NA,NA,NA,NA,NA,NA,NA,NA,NA,NA,NA,NA,NA,NA,NA,0.0713928749910759,0.666056115227708,9.329448005994506,NA
2005-12-01,12-2005,2005,12,relaxed,relaxed,98,26.805046673787174,24.01194619024517,NA,20,NA,no_prediction,NA,NA,NA,NA,NA,NA,NA,NA,NA,NA,NA,NA,NA,NA,NA,NA,NA,0.05369110646788054,0.022421566933216033,1,0.52354774993455655,4.662392806593956,8.681569672244887,NA
2006-01-01,01-2006,2006,1,relaxed,relaxed,86,24.360507420751315,22.02095524228026,37.3,24,37.3,observed,NA,NA,NA,NA,NA,NA,NA,NA,NA,NA,NA,1.4192919386138536,8.832216042589545,1176.3278153931121,23.69020881547642,1,2.7588897833411057,0.08817809058488994,0.03770442869935431,1,0.9423859498822017,8.45891266339189,9.010136541503623,4.404283084569242
2006-02-01,02-2006,2006,2,upwelling,weak,55,23.541182934429752,21.256778523599742,29.4,31,29.4,observed,NA,NA,NA,NA,NA,NA,NA,NA,NA,NA,NA,0.12769627779919196,19.869967563410373,2785.40481875037,23.383589986920803,1,6.869444972186551,0.09702606318633844,0.052534837321100335,1,0.7496251874062969,6.119390558654567,8.079968362334528,4.297093083556383
2006-03-01,03-2006,2006,3,upwelling,weak,70,24.490170578081056,21.479027994174764,47.1,19,47.1,observed,NA,NA,NA,NA,NA,NA,NA,NA,NA,NA,NA,1.8260303678470424,6.2284309786896275,635.4849442342917,23.31719220123904,1,1.4843328688843505,0.061433082494147966,0.06344398535811352,1,0.24987506246876565,1.9149113312796604,7.2886312546832075,0.955968490743398
2006-04-01,04-2006,2006,4,upwelling,moderate,48,23.388872428457663,20.934092006792927,44.1,16,44.1,observed,NA,NA,NA,NA,NA,NA,NA,NA,NA,NA,NA,4.216332139688332,11.932435404433669,1661.9881189478629,22.12043987237582,1,4.471184182985563,0.08878136144407962,0.03634706926617756,1,0.3569643749553795,2.705852968112563,7.725949129964199,1.4450043898584133
2006-05-01,05-2006,2006,5,relaxed,relaxed,93,27.44518826116781,23.49199626766679,NA,17,51.71845999072867,isotherm_chl_model,NA,NA,NA,NA,NA,NA,NA,NA,NA,NA,NA,NA,NA,649.9215541784989,25.463453548307253,1,1.25264256904938,0.07038160023879472,0.04006723956451385,1,1.0153653332064128,7.97417182397617,7.960265127336978,3.5849823396700247
2006-06-01,06-2006,2006,6,relaxed,relaxed,110,25.816165369327162,22.40915155380674,52.5,17,52.5,observed,NA,NA,NA,NA,NA,NA,NA,NA,NA,NA,NA,2.064806432253494,NA,NA,24.003833428935227,1,NA,0.05027257159913908,0.012718960614582189,1,1.249375312343828,8.866872033968862,7.073141287153443,4.354806257087136
2006-07-01,07-2006,2006,7,relaxed,relaxed,109,25.823083387823093,22.38465495483254,NA,16,58.33193394165577,isotherm_chl_model,0.11853917884501487,NA,NA,NA,NA,NA,NA,NA,NA,NA,1,2.4249626920297036,NA,NA,23.847749344762722,1,NA,0.020109028639655635,0.006535434307888081,1,0.8924109373884487,6.4107901090666894,7.187711745002978,2.841775821702156
2006-08-01,08-2006,2006,8,upwelling,weak,72,26.300223189220137,21.295433422797295,37.3,12,37.3,observed,0.26425381496097783,NA,NA,NA,NA,NA,NA,NA,NA,NA,1,1.9977123108581727,NA,735.5354438628137,23.297647654154197,1,1.7385745650869153,0.07892793741064837,0.04222896014327684,1,0.4640536874419933,3.413537590542003,7.256237337995726,2.168775761340915
2006-09-01,09-2006,2006,9,relaxed,relaxed,115,27.881903151716237,23.139798937752968,56.9,15,56.9,observed,0.16718535303507473,NA,NA,NA,NA,NA,NA,NA,NA,NA,1,1.3674174996842239,NA,840.2318414902277,25.25065870479607,1,1.6818574772194186,0.06369534821610923,0.052786200179096035,1,0.4640536874419933,3.5384231121471985,7.635708933477645,1.509574336372597
2006-10-01,10-2006,2006,10,relaxed,relaxed,104,26.292679287688067,23.61238660047976,64.6,15,64.6,observed,0.42291244581004317,NA,NA,NA,NA,NA,NA,NA,NA,NA,1,1.9189239703216816,NA,703.4126120685651,24.501262490268783,1,1.4941245402794388,0.040419147565707816,0.050071481312742534,1,0.606839437424145,4.454250270585297,7.120432071882825,1.7703816405505453
2006-11-01,11-2006,2006,11,relaxed,relaxed,125,28.568198913527944,25.666929530814354,32.6,22,32.6,observed,0.0904362777086167,NA,NA,NA,NA,NA,NA,NA,NA,NA,1,0.028686810513354984,4.85069007298123,416.95317944257926,28.058504799901858,1,0.5722178273843403,0.03177226525065591,0.016338585769720203,1,0.4115589264191434,3.692693462365381,10.374764309187167,2.1590560917481754
2006-12-01,12-2006,2006,12,relaxed,relaxed,128,27.077163072362087,23.93784282339077,45.1,24,45.1,observed,0.21462445382540518,NA,NA,NA,NA,NA,NA,NA,NA,NA,1,0.15934337571216833,5.6213382041806,921.3974527856726,25.935650283539626,1,1.7298584204123844,0.03684979498216895,0.01704240177210815,1,0.42835724994645535,3.7881941553575893,8.819243818166681,1.7009644983647179
2007-01-01,01-2007,2007,1,NA,NA,NA,NA,NA,NA,NA,NA,no_prediction,NA,NA,NA,NA,NA,NA,NA,NA,NA,NA,NA,NA,NA,NA,NA,NA,NA,NA,NA,NA,0.475952499940506,4.079593705769712,8.632978797213665,NA
2007-02-01,02-2007,2007,2,upwelling,moderate,43,23.1182272707525,20.77589972729915,23.7,23,23.7,observed,2.2071465409091164,NA,NA,NA,NA,NA,NA,NA,NA,NA,1,1.2515905737321236,25.688651156172128,2981.7608431039316,22.677558311007715,1,7.791666580205063,0.09134526259563572,0.04524531443922518,1,1.0708931248661384,9.07501456997752,8.443150445425028,7.3855807367562845
2007-03-01,03-2007,2007,3,upwelling,moderate,36,23.56269341349826,20.85521446403736,38.3,13,38.3,observed,0.45360182054745596,NA,NA,NA,NA,NA,NA,NA,NA,NA,1,4.4184086738928565,9.685614254555205,1691.8893485026433,21.929590068835655,1,4.6190295073862355,0.041927324713682,0.04851303159316922,1,0.5711429999286072,4.495878777787029,7.88560486220964,2.609353452207175
2007-04-01,04-2007,2007,4,upwelling,moderate,39,24.07004494627084,20.887328977203484,NA,19,40.39163284993262,isotherm_chl_model,0.3203102131959177,NA,NA,NA,NA,NA,NA,NA,NA,NA,1,2.455084526753614,9.21663133612954,1585.855605207225,22.801639162530293,1,4.0432471955357725,NA,NA,NA,0.3569643749553795,3.1637665473316128,8.86297560569478,1.5581147769574428
2007-05-01,05-2007,2007,5,upwelling,weak,70,25.831790000263524,21.33570512477467,52.8,21,52.8,observed,0.27965179012954805,NA,NA,NA,NA,NA,NA,NA,NA,NA,1,1.9678523349356454,3.193993901963542,1365.2591522894118,23.714196732147943,1,3.2142187210870037,0.07314659167674736,0.0457983127268157,1,1.8562147497679733,14.903005578219965,8.141401111481143,6.438443876440067
2007-06-01,06-2007,2007,6,relaxed,relaxed,127,27.81162558696647,24.55490313637822,54,21,54,observed,0.13059753391520124,NA,NA,NA,NA,NA,NA,NA,NA,NA,1,0.12433568123077454,2.5530049586908135,816.106477879938,26.14682045256363,1,1.4881419511646,0.04806057844877697,0.029208364099099805,1,1.39216106232598,10.4903838148364,7.532608595629445,4.736616650625489
2007-07-01,07-2007,2007,7,upwelling,weak,71,25.807574559589415,21.567037746264816,44.7,13,44.7,observed,0.3633192714919948,0.254653798290232,0.04960602334763875,0.059059449854123924,0.7009091404496087,0.13653562373371583,0.16255523581667541,1.337694454086515,0.8162727773883987,0.31733038056991403,1,NA,10.226391425946415,1217.2598537522301,23.902517458014778,1,2.8075274123973104,0.08435737514335538,0.04997093616954424,1,0.8567144998929107,6.66056115227708,7.774540004995422,3.428031966582929
2007-08-01,08-2007,2007,8,relaxed,relaxed,113,28.482817425455927,24.347630801995592,NA,20,52.33299268313565,isotherm_chl_model,0.18527092619695365,0.02419081281314846,0.0628151293669117,0.09826498401689346,0.13056993511994555,0.3390447203795787,0.5303853445004757,0.39952514007305157,0.9688836216176451,-0.304374163456824,1,NA,4.92220150721058,813.7463324301357,26.62726186407265,1,1.4073506409840404,0.08164265627700186,0.05122775045952272,1,0.713928749910759,6.202647573058031,8.760240612771627,2.4952727979008293
2007-09-01,09-2007,2007,9,relaxed,relaxed,123,28.76815590892023,25.4931556640812,NA,16,57.25053537374573,isotherm_chl_model,0.2324052255962578,0.049902715620182336,0.08073628517531262,0.1017662248007628,0.214722863877747,0.3473944485033672,0.43788268761888566,0.5761807257124428,1.0592347630120043,-0.15473974203112667,1,0.2793241895196508,7.03947798383265,815.994668823001,26.94925612533282,1,1.3602311889164909,NA,NA,NA,0.7139287499107588,6.036133544251103,8.428308141779128,2.31021615249521
2007-10-01,10-2007,2007,10,relaxed,relaxed,120,28.858352503652064,24.495128204962004,NA,12,51.98239287959437,isotherm_chl_model,0.22162205408611615,0.02740232483619359,0.07746500974945696,0.1167547195004656,0.12364439518075133,0.3495365570402854,0.5268190477789633,0.39616589685536974,0.9635112203699834,-0.3147435172533033,1,0.26385147840513,5.595573782329807,983.8452677467735,26.39627503110365,1,1.7640630837149929,0.02458328751197901,0.008345246885457088,1,0.2855714999643036,2.2479393888935144,6.997086004495879,1.0038822742724591
2007-11-01,11-2007,2007,11,relaxed,relaxed,101,27.10531320417516,25.32002608179792,NA,19,NA,no_prediction,NA,NA,NA,NA,NA,NA,NA,NA,NA,NA,NA,NA,NA,NA,NA,NA,NA,NA,NA,NA,0.7853216249018348,6.827075181084007,8.693349278313063,NA
2007-12-01,12-2007,2007,12,relaxed,relaxed,118,27.67274431272574,25.29902250040429,NA,14,50.469039905889126,isotherm_chl_model,0.2033948025365608,0.03244786957326515,0.08222798680646091,0.08871894615683476,0.15953145886032435,0.4042777189042487,0.43619082223542693,0.522681186078479,1.0208544879390442,-0.21841509339406204,1,0.7131656445902583,5.572235283098827,743.3823636279121,26.655406237383605,1,1.2743728469835676,0.036095706408181855,0.018399761205284908,1,0.9281073748839866,7.493131296311715,8.093851469486307,3.3463806263857276
2008-01-01,01-2008,2008,1,relaxed,relaxed,83,25.713276490425123,23.12606084767959,NA,19,47.40628533929947,isotherm_chl_model,0.2589626766193456,0.15883904006618624,0.05178477881108266,0.048338857742076725,0.6133665365981172,0.19997004775789426,0.1866634156439886,1.2260436704077102,0.9349832138541536,0.25833043502510133,1,1.3759651757762887,8.022723123814357,703.7231487799197,24.78541382676276,1,1.456199900718384,0.09657361004194619,0.05560146418864783,1,0.8924109373884487,6.660561152277079,7.340080416480972,3.3952382913659176
2008-02-01,02-2008,2008,2,upwelling,weak,76,24.658963637997793,21.905584655490173,NA,27,42.88037029635294,isotherm_chl_model,0.5155869747564408,0.13584615469367886,0.2011575711975267,0.1785832488652352,0.2634786395793872,0.390152546604871,0.34636881381574175,0.7164503752172271,1.08587964620095,-0.05939668496653633,1,1.7665616438769502,14.455960820378708,1567.4780752649708,23.831391808006124,1,3.670875431339093,0.09732769861593325,0.05524955618745385,1,NA,NA,NA,NA
2008-03-01,03-2008,2008,3,upwelling,moderate,48,23.37169808807931,20.77421019297022,NA,26,32.55446935583511,isotherm_chl_model,0.8240799575297951,0.6372928838832129,0.11529784133227187,0.07148923231431038,0.7733386524694981,0.1399109883437533,0.08675035918674877,1.485928842736331,0.6860277712434051,0.47504921783750864,1,1.8295693849223955,16.331068565817727,1885.382406225724,22.91115198868384,1,4.789468209158851,0.11210783466608015,0.05142884074591928,1,NA,NA,NA,NA
2008-04-01,04-2008,2008,4,upwelling,moderate,39,23.46249620513233,20.421054453158426,NA,26,42.32283572777537,isotherm_chl_model,2.1651857679220856,0.5569771751966154,1.3048974826066149,0.30331111011885536,0.25724221147598925,0.6026722981182886,0.1400854904057221,0.9164972705238488,0.9297878945003224,0.13197453983772112,1,1.7236219655402554,21.229783325787093,1012.9170903790913,22.573370111779802,1,2.5828126919239818,0.16403940112799084,0.0845081928581528,1,NA,NA,NA,NA
2008-05-01,05-2008,2008,5,upwelling,weak,88,26.030053322758846,21.674654985478814,58.9,21,49.899808618677504,isotherm_chl_model,0.18265739747823453,0.033486494524875135,0.08057570045043254,0.06859520250292685,0.18332952832564797,0.44113023377568894,0.37554023789866303,0.6071298398805667,1.03984093588839,-0.15571202798864026,1,2.287896683179856,6.416987011348657,1190.0306377934596,24.216634216849137,1,2.6678779554758987,0.0736995899643379,0.03941369613372504,1,NA,NA,NA,NA
2008-06-01,06-2008,2008,6,relaxed,relaxed,116,27.514893238931563,23.365830117915756,36.787,15,36.787,observed,0.11278307067024258,0.009057805835424903,0.02512892675190364,0.07859633808291404,0.08031175052777469,0.22280761290296933,0.696880636569256,0.1827716634121004,0.788739329730257,-0.46918965263095136,1,0.16239776044119683,6.692618094243344,NA,25.445084858278605,1,NA,0.09400970889039008,0.05147911331751842,1,NA,NA,NA,NA
2008-07-01,07-2008,2008,7,relaxed,relaxed,71,25.20535919384574,22.031995983165395,45.228,15,45.228,observed,0.39651467647490046,0.18927460186951672,0.0729692893244269,0.13427078528095684,0.4773457657411525,0.18402670481995612,0.33862752943889146,0.9380587857558428,1.0311855988003416,0.0745554062243074,1,2.3977612157460007,7.35059628324988,1591.756554762876,23.444915106556053,1,3.853108250293594,0.04801030587717782,0.025890374373556627,1,NA,NA,NA,NA
2008-08-01,08-2008,2008,8,relaxed,relaxed,107,26.281978862168614,22.90562192454385,NA,17,44.849106185832795,isotherm_chl_model,0.27623108437002225,0.09029934559351539,0.09558765688590369,0.09034408189060317,0.32689784279511397,0.3460423619735002,0.32705979523138595,0.7991785970173099,1.0982510944813337,-1.0755291589509275e-4,1,1.100607031050334,8.43784821219374,641.7623797204005,24.592395524256222,1,1.3430413052118455,0.053037563037091735,0.025337376085966097,1,NA,NA,NA,NA
2008-09-01,09-2008,2008,9,relaxed,relaxed,126,29.251492072420447,25.560601359717555,NA,16,54.10961847421204,isotherm_chl_model,0.15877739729741652,0.026624958587544417,0.037027462912936196,0.09512497579693598,0.16768733485202195,0.2332036142624103,0.5991090508855678,0.3679188334200359,0.9458700503325043,-0.27650280916671655,1,0.08359191988123958,4.524115185781488,598.3065252895084,27.473099875663554,1,0.9163654165596433,0.04790976073397954,0.023477290936797953,1,NA,NA,NA,NA
2008-10-01,10-2008,2008,10,relaxed,relaxed,133,29.7001793561556,25.251024539464662,NA,14,53.94887640536541,isotherm_chl_model,0.135831304652163,0.018104917154291703,0.032054461286852236,0.08567192621101907,0.13328972434340375,0.23598728856309922,0.630722987093497,0.30190728670348843,0.9000627500860461,-0.33752099480947306,1,0.21279347119493847,5.5008417718616185,NA,27.50759516889262,1,NA,0.055098738472656436,0.024382197225582453,1,NA,NA,NA,NA
2008-11-01,11-2008,2008,11,relaxed,relaxed,124,27.339129329143216,24.52474797608576,NA,23,NA,no_prediction,NA,NA,NA,NA,NA,NA,NA,NA,NA,NA,NA,NA,NA,NA,NA,NA,NA,0.03172199267905676,0.016338585769720203,1,0.5354465624330692,4.787278328199151,8.965016443260344,NA
2008-12-01,12-2008,2008,12,relaxed,relaxed,123,26.57275561410682,24.916369142001184,NA,28,58.064134686213436,isotherm_chl_model,0.1876896760898851,0.01779716939047149,0.05367447300937776,0.11621803369003587,0.09482231394521867,0.285974562520279,0.6192031235345025,0.274959739864298,0.8781732869977434,-0.40746129463518005,1,0.42639716645811854,3.391357793068496,238.5018003493193,25.776286025661843,1,0.39512552495355263,0.022321021790017753,0.013523321760168414,1,0.39266081245091744,3.6216801265506624,9.246149363083841,1.2553277611388602
2009-01-01,01-2009,2009,1,relaxed,relaxed,80,24.946675042508176,23.378931139402795,NA,32,33.02356675253676,isotherm_chl_model,0.8451351695676008,0.6770811544483488,0.08483351795859413,0.08322049716065799,0.8011513173623644,0.10037863884187637,0.09847004379575916,1.502021823020187,0.6366244545266413,0.45520521003718384,1,0.6496022922014061,12.447307941599734,1898.9836003133119,24.693742742432928,1,4.1415618319597485,0.10708057750616626,0.0734482271063422,1,0.6425358749196831,4.7456498209974205,7.409734666299483,3.333642377082587
2009-02-01,02-2009,2009,2,upwelling,weak,105,24.098545135705443,21.540435051683996,NA,28,35.67345796072035,isotherm_chl_model,0.2934491033969774,0.14401712538415185,0.039937351981930644,0.10949462603089492,0.4907737788836443,0.13609635033678555,0.37312987077957016,0.9169844575576559,0.9885906789467966,0.05951066670863192,1,3.9638996752510054,8.988239100828114,979.959435391557,NA,1,NA,0.12708906100262363,0.08837918087128652,1,NA,NA,NA,NA
2009-03-01,03-2009,2009,3,upwelling,weak,65,24.16356682363377,21.457059868711713,NA,19,43.635958397148855,isotherm_chl_model,0.38981603843134693,0.19244220289314773,0.08496027891273135,0.11241355662546786,0.493674410287354,0.2179496750688319,0.28837591464381407,1.0046390450971214,1.0391114994971296,0.1167408155374196,1,2.5954985568486793,9.444228699875595,855.8124219993796,22.7855364941531,1,2.1274245535229976,0.07606240082949743,0.0547971030430616,1,NA,NA,NA,NA
2009-04-01,04-2009,2009,4,upwelling,weak,58,24.32249794412408,21.269902119000935,NA,20,44.577740984546274,isotherm_chl_model,0.24881006026121538,0.060264193732945316,0.08307055336105813,0.10547531316721191,0.24220963440817644,0.333871360642917,0.4239190049489065,0.6176311789128516,1.073511018994614,-0.12154573647819833,1,3.172709823415804,7.017743531535489,726.2170898654883,23.123380413751747,1,1.7396038803845164,0.05595337218984181,0.037302248126561195,1,NA,NA,NA,NA
2009-05-01,05-2009,2009,5,upwelling,moderate,46,23.95302785544563,20.651903368901376,47.6,19,47.6,observed,0.38330784938891627,0.12023183721086833,0.09467949078245577,0.16839652139559216,0.31366912366273325,0.24700639690368298,0.4393244794335837,0.6736851936827313,1.0704242257016134,-0.07315681625659248,1,2.6783176719037756,8.09212234720621,NA,22.38200584917545,1,NA,0.11462146324603713,0.0591708167721867,1,NA,NA,NA,NA
2009-06-01,06-2009,2009,6,upwelling,moderate,40,24.219080127683043,20.902750079429257,52.693,19,52.693,observed,0.3225687071299492,0.09604853900962357,0.11297033039469817,0.11354983772562745,0.29776149045644934,0.3502209851657658,0.3520175243777849,0.7450845155322462,1.0957080148155545,-0.03634787734617789,1,3.6006404513822643,10.150449385567468,1115.3506075845785,22.551067428422336,1,2.8616762927197708,0.07792248597866556,0.05012175388434167,1,NA,NA,NA,NA
2009-07-01,07-2009,2009,7,relaxed,relaxed,111,26.210009706969533,22.805103922385875,60.656,18,60.656,observed,0.1592931411395703,0.046829787373019766,0.04817464500192224,0.0642887087646283,0.2939849577828853,0.30242761651433775,0.403587425702777,0.68973808153369,1.0877813939903753,-0.0688062585802588,1,1.710553641223787,5.526340068537954,806.6227034348177,24.127458926350556,1,1.787257444418582,0.04966930073994942,0.03468807440340597,1,NA,NA,NA,NA
2009-08-01,08-2009,2009,8,relaxed,relaxed,80,26.81248448995447,22.112341069199253,41,14,41,observed,0.4291850471583078,0.1395070672559056,0.12079840298062143,0.16887957692178082,0.3250510896863736,0.2814599524853999,0.3934889578282265,0.7309026813117288,1.0891167608536578,-0.04149046165703002,1,1.2178686414257225,9.114836208161222,1426.0791807697874,24.479202156085588,1,3.144317514980683,0.09717688090113583,0.043787409862850145,1,NA,NA,NA,NA
2009-09-01,09-2009,2009,9,relaxed,relaxed,118,27.593447460078643,22.82841421805696,46.5,21,46.5,observed,0.23287026826064347,0.047811681995403615,0.065732303398503375,0.1193262828667364,0.20531466877467455,0.2822700548656196,0.5124152763597057,0.49223994186855047,1.0247084539957687,-0.19860104492991315,1,0.3424340945849598,10.49605685482939,793.1451909698308,25.459854623907383,1,1.5498590793608986,0.08189401913499757,0.04323441157525961,1,NA,NA,NA,NA
2009-10-01,10-2009,2009,10,relaxed,relaxed,116,26.93373806277398,23.626572116930376,56,18,56,observed,0.28878867154371546,0.09883251120189497,0.09223513454690241,0.0977210257949181,0.34223126092026834,0.31938626281239113,0.3383824762673406,0.8031893341065095,1.0981605847038232,0.0024559065777349787,1,1.3311901046098038,NA,925.3266929594032,25.201718709350388,1,1.8710084323691047,0.053087835608690875,0.008043611455862253,1,NA,NA,NA,NA
2009-11-01,11-2009,2009,11,relaxed,relaxed,131,28.204188716541935,24.874131679889185,50.9,21,50.9,observed,0.1006349396439903,0.007491171650280688,0.02100073165338007,0.07214303634032956,0.07443907331570646,0.20868230981876668,0.7168786168655269,0.15690100590376127,0.7589811841494497,-0.4918223341950182,1,0.14349451199510466,4.809572661183695,475.28875453654763,26.615861432739162,1,0.7894705763307138,0.046652946444001066,0.022874020077608283,1,0.2855714999643036,2.4144534177004418,8.551994005494963,1.022171118955439
2009-12-01,12-2009,2009,12,relaxed,relaxed,110,25.59944335721557,23.938807290250992,69.09,37,69.09,observed,0.21361351175870968,0.10504204039679382,0.04086114146494923,0.06771032989696664,0.49173874598085165,0.19128537857242167,0.3169758754467266,0.9741034199877068,1.0296068021251787,0.09535410969223773,1,1.3896108770270874,7.92259490942794,734.0260729567569,24.623043307455767,1,1.5462982035212556,0.06067899392016088,0.021164752643237555,1,0.475952499940506,3.9685843532317597,8.357630505370077,1.310744299173
2010-01-01,01-2010,2010,1,relaxed,relaxed,102,25.31629259458976,22.73186207763833,55.7,29,NA,no_prediction,NA,NA,NA,NA,NA,NA,NA,NA,NA,NA,NA,NA,NA,NA,NA,NA,NA,0.08059950041631975,0.05169880445540666,1,0.32126793745984156,2.7891099825160275,8.74635750561985,NA
2010-02-01,02-2010,2010,2,upwelling,moderate,27,22.876930617981017,20.520870502613285,20.1,25,NA,no_prediction,NA,NA,NA,NA,NA,NA,NA,NA,NA,NA,NA,NA,NA,NA,NA,NA,NA,0.055737702857681495,0,1,0.42835724994645535,3.663308633752394,8.74635750561985,NA
2010-03-01,03-2010,2010,3,relaxed,relaxed,104,27.392590324909534,23.849193587053943,61.8,21,61.8,observed,0.23911974218715282,0.02761456939885166,0.115689665874928,0.09581550691337318,0.11548427221554318,0.4838147817355068,0.40070094604895007,0.5141238756201748,0.9670190059028111,-0.27014876301847773,1,1.6879586036822607,4.62585690307994,852.455430861012,25.237563353275014,1,1.7099269374027484,0.060672458485852995,0.04257337753130253,1,0.2855714999643036,2.705852968112564,9.475220631088169,0.8654049034013754
2010-04-01,04-2010,2010,4,relaxed,relaxed,96,26.074931294058793,22.732945087765565,54.6,23,54.6,observed,0.22694625907406618,0.06401259522335861,0.08500778098932289,0.07792588286138466,0.28206058775556847,0.37457229449893575,0.3433671177454957,0.7380340194636544,1.0918482488934576,-0.04270814821463498,1,1.08996220843348,6.554560285310492,592.0953335521879,24.44618273810199,1,1.2479112872473719,0.09024228237475061,0.04259087238621903,1,0.2526209422761147,2.0045727314064674,8.051134216711604,0.8513941540095856
2010-05-01,05-2010,2010,5,relaxed,relaxed,115,25.4094867037096,22.719641025216156,49.8,24,49.8,observed,0.32747962486869037,0.17449956261859634,0.07457529188856915,0.07840477036152489,0.5328562431588393,0.22772498264119984,0.23941877419996097,1.09277801841246,1.0146395586551042,0.17372592779232565,1,0.6543229158444842,11.874772299677405,596.5649803670537,24.10681783670294,1,1.2967239098079704,0.04105434150786294,0.02403345639639923,1,1.2136788748482903,9.741070685205228,7.984174922987263,4.426430168633373
2010-06-01,06-2010,2010,6,relaxed,relaxed,112,28.59908099708076,24.136984192950642,64.3,24,64.3,observed,0.1632626351897693,0.02456855274088232,0.056049707690614806,0.08264437475827219,0.15048484738914644,0.34331007597338536,0.5062050766374683,0.44362032020526,0.9966734718229369,-0.2634168620624694,1,1.319475546677064,6.136045142587072,776.0768369324694,25.978912550637556,1,1.436149116943137,0.03959955383092706,0.03320141391607623,1,0.49975012493753124,3.996336691366248,8.03369133849527,1.4637958013852905
2010-07-01,07-2010,2010,7,NA,NA,NA,NA,NA,NA,NA,NA,no_prediction,NA,NA,NA,NA,NA,NA,NA,NA,NA,NA,NA,NA,NA,NA,NA,NA,NA,NA,NA,NA,0.24987506246876562,1.9565398384813923,7.920312630089086,NA
2010-08-01,08-2010,2010,8,relaxed,relaxed,123,27.10911796322929,23.984930435146634,NA,12,58.698830875332185,isotherm_chl_model,0.18407822700418588,0.029049201681317145,0.05516384315781006,0.09986518216505867,0.15780900410702334,0.29967608910398535,0.5425149067889913,0.41463464677161377,0.9842687906141663,-0.2681399483813034,1,0.8727581677447513,3.5265289829251776,554.1761302374175,25.219291697252242,1,1.0803434663824758,0.04188223021695757,0.03340521892133914,1,0.10708931248661384,0.9158271584380985,9.037902755807178,0.33918345656532806
2010-09-01,09-2010,2010,9,relaxed,relaxed,120,29.502511703003872,25.30380431884396,55.5,19,55.5,observed,0.210687499473657,0.026206522264956747,0.048839874356757754,0.1356411028519425,0.1243857482310356,0.23181192277078774,0.6438023289981767,0.27992396868644065,0.8816420777009166,-0.35699096023804744,1,0.07617826238468549,5.508273756991244,853.2526872296924,27.10259446025445,1,1.4004670276701507,0.03314877853361193,0.019445380421975397,1,0.21417862497322768,1.4153692448588795,6.413995504121222,0.7117792892012683
2010-10-01,10-2010,2010,10,relaxed,relaxed,129,29.634565960222165,26.871092250120896,NA,25,56.170885487141184,isotherm_chl_model,0.17127347696675405,0.027433375844461837,0.03721283069911883,0.1066272704231734,0.16017293704959898,0.21727141503843134,0.6225556479119697,0.33695783859121103,0.9200881735731279,-0.294794519130093,1,0.6011632045361093,6.4050691131162365,529.8232622921988,28.938939505413156,1,0.656482900634139,0.029849892385276425,0.017494050555354815,1,0.07139287499107591,0.5358336055197266,7.505421312514811,0.23482633610176182
2010-11-01,11-2010,2010,11,relaxed,relaxed,145,29.680829179682828,26.865389655649118,50.9,27,50.9,observed,0.19962845287434428,0.03628724712479535,0.0695204738632588,0.0938207318862901,0.18177392351798813,0.34824932449393037,0.4699767519880814,0.5111377209834883,1.032135447027535,-0.20627239706684902,1,0.25656238022146477,NA,402.32201426771917,28.74124162756229,1,0.4994567617925341,0.029428256327274444,0.014158163794322342,1,NA,NA,NA,NA
2010-12-01,12-2010,2010,12,relaxed,relaxed,106,27.973508066064333,25.057044010805743,NA,22,52.30231226727848,isotherm_chl_model,0.2875003974939372,0.10407306702776063,0.08041245383187093,0.10301487663430563,0.36199277613157155,0.27969510488613036,0.3583121189822981,0.8030212066028551,1.0919330284378823,0.002219203303084949,1,1.649009353995194,NA,866.6773711210537,26.77210695776783,1,1.4798149073338622,0.02601645798312727,0.015283213674139475,1,NA,NA,NA,NA
2011-01-01,01-2011,2011,1,relaxed,relaxed,114,25.719845568749232,23.63392404977033,NA,14,31.29115218388698,isotherm_chl_model,1.6255827931663536,1.4789839800472704,0.08034321204678982,0.06625560107229364,0.9098176889326355,0.04942425103448294,0.04075806003288163,1.6684001783533353,0.3650519983018533,0.6743704358006604,1,4.711355918199858,NA,NA,24.905264956028542,1,NA,0.04249972821390979,0.01601628831319812,1,NA,NA,NA,NA
2011-02-01,02-2011,2011,2,upwelling,weak,55,24.07148725344316,21.49982198516846,NA,38,28.837442466582697,isotherm_chl_model,1.3785310222124585,1.287982227733215,0.06259437740990992,0.02795441706933392,0.9343150113996576,0.04540657874311,0.020278409857232504,1.7133771509960067,0.2829297524575055,0.8317297150241053,1,1.4700839658037483,NA,1617.5016660639785,23.897475381717367,1,3.7702901583155106,0.13003201734403722,0.03092391560492043,1,NA,NA,NA,NA
2011-03-01,03-2011,2011,3,upwelling,weak,59,25.405488994571154,21.41696597613142,NA,24,44.45211448199464,isotherm_chl_model,0.2078536313974518,0.051784177173941785,0.0646751473267131,0.09139430689679692,0.24913770726921555,0.3111571681085673,0.43970512462221706,0.60877313210058015,1.0707857898540611,-0.12336103187389719,1,4.042004154190707,6.865648355575628,835.5658085618104,24.030648969812706,1,1.8710556907046434,0.07154993480275872,0.04307831524044428,1,NA,NA,NA,NA
2011-04-01,04-2011,2011,4,upwelling,moderate,33,23.94627561741587,20.687693159447218,50.87463,19,50.87463,observed,0.11844742926125201,NA,NA,NA,NA,NA,NA,NA,NA,NA,1,4.238236570112492,10.020270952325582,401.1763707891764,22.162043962771186,1,0.9827355900226413,0.07721565362198168,0.023266749406940755,1,NA,NA,NA,NA
2011-05-01,05-2011,2011,5,relaxed,relaxed,94,26.345456099638433,22.24074052387703,43.97694,16,43.97694,observed,0.47937061152526345,0.24725343944189423,0.06729738432550963,0.16481978775785955,0.5157876463373134,0.1403869630459459,0.34382539061674067,0.9713028051741545,0.9841868778558915,0.08806649552554069,1,1.6308037680697045,8.34874856629865,1014.7455444631721,24.578284126267658,1,2.1862561084064214,0.08115249870391027,0.017700369189197682,1,NA,NA,NA,NA
2011-06-01,06-2011,2011,6,relaxed,relaxed,125,28.75924096021742,24.553832017425584,59.8,15,59.8,observed,0.14625629897500472,0.021248266763062462,0.03787741634688689,0.08713061586505534,0.14528103686456476,0.25897972676964953,0.5957392363657857,0.3488823499523607,0.9387070023466579,-0.3064236368301574,1,NA,6.732780863199425,705.6650836292008,26.23902032678287,1,1.2622978265718547,0.0490569808178719,0.023845537523761645,1,NA,NA,NA,NA
2011-07-01,07-2011,2011,7,relaxed,relaxed,109,25.985522021006062,23.48350702576949,NA,13,50.5471004863472,isotherm_chl_model,0.17595085536579363,0.03146385474639141,0.06309009574679698,0.08139690487260522,0.17882183454567205,0.3585665759659743,0.46261158948835374,0.5155507945109001,1.0321904867999048,-0.20639798131290701,1,1.7452642456611707,8.297849003757129,769.0803629141233,24.463796891022874,1,1.6488151232414363,0.10710521106624983,0.04488249728999419,1,NA,NA,NA,NA
2011-08-01,08-2011,2011,8,relaxed,relaxed,129,27.595926995622776,23.12968800299411,60.1,14,60.1,observed,0.1997475150731401,0.025325747706160546,0.05952315936709351,0.11489860799988605,0.12678879983506777,0.2979919892635377,0.5752192109013945,0.350910138387255,0.9407224528088995,-0.32837624554489814,1,0.10176269217919194,7.7023302554451245,NA,24.457590673430854,1,NA,0.09336270089390918,0.046796223273058615,1,NA,NA,NA,NA
2011-09-01,09-2011,2011,9,relaxed,relaxed,126,28.70080261713692,25.440591480412575,61,12,61,observed,0.18773493902842575,0.022574254186929373,0.06662814305689228,0.0985325417846041,0.12024535392163369,0.3549053969480014,0.5248492491303649,0.3947366542448505,0.9606951849409692,-0.3199831376296603,1,0.4135635135867459,6.11470152458028,631.1450320522149,26.54842182368918,1,1.0825396250077608,0.05843331814682734,0.03545442948486324,1,NA,NA,NA,NA
2011-10-01,10-2011,2011,10,relaxed,relaxed,123,27.58247616279747,23.852197515013458,58.6,15,58.6,observed,0.18231640232521032,0.023588267704225053,0.055592924905445595,0.10313520971553966,0.129380941063926,0.3049255261535968,0.5656935327824772,0.3630279577350305,0.9490167675033614,-0.32035545402889737,1,0.9167556858544922,6.828099031087524,744.8352285625746,25.54494002070809,1,1.4374149155005151,0.05215829575982279,0.018203497085761865,1,NA,NA,NA,NA
2011-11-01,11-2011,2011,11,NA,NA,NA,NA,NA,57,NA,NA,no_prediction,NA,NA,NA,NA,NA,NA,NA,NA,NA,NA,NA,NA,NA,NA,NA,NA,NA,0.038741250216014954,0.011601803528506122,1,NA,NA,NA,NA
2011-12-01,12-2011,2011,12,NA,NA,NA,NA,NA,NA,NA,NA,no_prediction,NA,NA,NA,NA,NA,NA,NA,NA,NA,NA,NA,NA,NA,NA,NA,NA,NA,NA,NA,NA,NA,NA,NA,NA
2012-01-01,01-2012,2012,1,relaxed,relaxed,87,25.118276152883148,22.373060525682227,29.7,17,29.7,observed,1.7292631600729687,1.6370522805213754,0.05942899435270355,0.03278188519889007,0.9466762019334856,0.034366657270485004,0.01895714079602944,1.7270596105910379,0.24289068118239002,0.8492143120448693,1,0.2987914576064897,21.345314934591695,2197.0563910407764,24.433368907248596,1,4.924833451765133,0.1374361616891584,0.050059114260129135,1,NA,NA,NA,NA
2012-02-01,02-2012,2012,2,upwelling,weak,53,22.666271056684813,21.055619239403455,40.2,42,40.2,observed,0.3590485442017082,NA,NA,NA,NA,NA,NA,NA,NA,NA,1,0.37996260009597155,12.530561820375462,839.0097055606757,22.365625840852424,1,2.15209784650633,0.1591654753114543,0.05436073712158108,1,NA,NA,NA,NA
2012-03-01,03-2012,2012,3,upwelling,strong,27,21.832375220632866,19.933234652135525,12.4,32,12.4,observed,5.4587048798513615,NA,NA,NA,NA,NA,NA,NA,NA,NA,1,0.6301182246092862,24.80440679437492,3102.9601207980313,21.784711677982823,1,8.678883190796322,0.08983105273906965,0.09837035175089939,1,NA,NA,NA,NA
2012-04-01,04-2012,2012,4,upwelling,moderate,32,24.27871773542782,20.14094888918069,NA,11,41.2686342304692,isotherm_chl_model,0.304262153963355,0.1081831047754798,0.07468225365656792,0.12139679553130733,0.3555588605624255,0.2454536414856333,0.39898749795194116,0.755911912064066,1.079046317499768,-0.02502389087716944,1,2.7907577938209753,9.759657495062493,743.9536451285919,22.375975563511123,1,1.8927335954534104,0.1681406375190486,0.14772042166119428,1,NA,NA,NA,NA
2012-05-01,05-2012,2012,5,relaxed,relaxed,118,27.0345596160507,24.690350431300274,NA,34,54.399950513726615,isotherm_chl_model,0.17557084243118393,0.025490672353698736,0.05887020570177933,0.09120996437570589,0.14518738989186067,0.33530741714618056,0.5195051929619589,0.4250227463834836,0.9867781641121944,-0.27683049766556506,1,0.007874607267531072,8.388370464214596,781.412638975333,26.13708226981433,1,1.4226000493767226,NA,NA,NA,NA,NA,NA,NA
2012-06-01,06-2012,2012,6,NA,NA,NA,NA,NA,NA,NA,NA,no_prediction,NA,NA,NA,NA,NA,NA,NA,NA,NA,NA,NA,NA,NA,NA,NA,NA,NA,NA,NA,NA,NA,NA,NA,NA
2012-07-01,07-2012,2012,7,relaxed,relaxed,89,26.396317520696392,22.814257541141416,NA,15,53.84791095760913,isotherm_chl_model,0.19422127421807434,0.05772917199215017,0.05407228519307725,0.08241981703284691,0.2972340297146391,0.27840557328629273,0.42436039699906813,0.6722141821691526,1.0803554170480991,-0.077318158805665,1,0.8795069916878656,8.332063063618143,773.1409751624863,24.274738049856353,1,1.6864809417915272,0.032377798375567535,0.02266719871804943,1,NA,NA,NA,NA
2012-08-01,08-2012,2012,8,relaxed,relaxed,91,27.96599264079753,23.407919520429715,NA,15,52.05194184651186,isotherm_chl_model,0.23831480318870316,0.06778331332302386,0.07600258543385188,0.0945289044318274,0.2844276243693996,0.3189167622695737,0.3966556133610267,0.6871125604619546,1.0888524781465971,-0.07222091536858627,1,0.6039518270777805,8.503260586834797,997.5517717559662,25.67552391358108,1,1.93161982985345,0.04037636560727695,0.021161283835797216,1,NA,NA,NA,NA
2012-09-01,09-2012,2012,9,relaxed,relaxed,116,26.993047790596304,23.497967405865115,NA,14,51.59237559535133,isotherm_chl_model,0.2249989212714762,0.054737674184264305,0.06605419384287764,0.10420705324433431,0.24327971829793638,0.293575602361128,0.46314467934093573,0.5794755884105824,1.0601883663461145,-0.13980538746985371,1,0.5529813671364039,NA,961.2866118723337,25.206038584271486,1,1.946757279438629,NA,NA,NA,NA,NA,NA,NA
2012-10-01,10-2012,2012,10,relaxed,relaxed,123,27.905696111722214,24.584837022132795,NA,15,51.20780516562268,isotherm_chl_model,0.2395249379513104,0.04747552423820954,0.0967203959261463,0.09532901778695457,0.19820702029723583,0.4038009434566985,0.39799203624606566,0.5995555335047518,1.053646257708993,-0.151377674648407,1,0.5499664073744283,NA,861.0530374550298,26.038866818271906,1,1.5931827929142566,0.04665767206573138,0.0232699668515231,1,NA,NA,NA,NA
2012-11-01,11-2012,2012,11,relaxed,relaxed,117,28.458877825379084,25.324873955930332,NA,19.5,58.40921818804931,isotherm_chl_model,0.12774425981829918,0.016158489229056175,0.043882867721143554,0.06770290286809946,0.1264909221912568,0.34352124928009786,0.5299878285286453,0.3958436431161931,0.9650752499649715,-0.3111032685268954,1,0.008785897275007603,NA,410.5008442050448,27.013994940664794,1,0.6413581289871783,0.03669887672222833,0.020334802758707367,1,NA,NA,NA,NA
2012-12-01,12-2012,2012,12,relaxed,relaxed,116,26.70763510745536,25.01929723223142,NA,23,NA,no_prediction,NA,NA,NA,NA,NA,NA,NA,NA,NA,NA,NA,NA,NA,NA,NA,NA,NA,0.048027800732094325,0.017371134117794923,1,NA,NA,NA,NA
2013-01-01,01-2013,2013,1,NA,NA,NA,NA,NA,NA,NA,NA,no_prediction,NA,NA,NA,NA,NA,NA,NA,NA,NA,NA,NA,NA,NA,NA,NA,NA,NA,NA,NA,NA,NA,NA,NA,NA
2013-02-01,02-2013,2013,2,NA,NA,NA,NA,NA,NA,NA,NA,no_prediction,NA,NA,NA,NA,NA,NA,NA,NA,NA,NA,NA,NA,NA,NA,NA,NA,NA,NA,NA,NA,NA,NA,NA,NA
2013-03-01,03-2013,2013,3,upwelling,moderate,47,24.35180786496039,20.88033202105295,NA,17,44.17738430043906,isotherm_chl_model,0.33071328674155465,0.1395997629409218,0.09049475306309394,0.1006187707375389,0.4221171889293217,0.2736350690796819,0.30424774199099636,0.9172099963919069,1.0807128022435355,0.0711028367819268,1,2.393837140388317,7.755822483266766,515.227059947398,22.73230649728562,1,1.239465823686845,NA,0.06605162364696086,1,NA,NA,NA,NA
2013-04-01,04-2013,2013,4,upwelling,weak,74,24.076249350371793,21.902562437211174,NA,27,43.31208272046468,isotherm_chl_model,0.4109444889287409,0.243742793118888,0.0845205820896378,0.08268111372021517,0.5931282683806809,0.20567396416476563,0.2011977674545535,1.191271050379709,0.9576970927069532,0.23476273277943227,1,0.34029425404805047,14.975798223857842,957.9898190712668,23.448004574622956,1,2.27111231182491,0.08971291219581166,0.050577223383029876,1,NA,NA,NA,NA
2013-05-01,05-2013,2013,5,upwelling,weak,72,25.080277943953053,21.66989344641317,NA,19,49.05805833030455,isotherm_chl_model,0.30289943972479483,0.07152670659860491,0.10457750819188114,0.12679522493430878,0.2361401086234821,0.3452548749740081,0.41860501640250986,0.6168756416745539,1.0725298685298432,-0.12431733488773511,1,1.996148520657721,6.809777864491208,730.4606671118919,23.437708200136193,1,1.705978153717668,0.09085208866824815,0.058279484077733965,1,NA,NA,NA,NA
2013-06-01,06-2013,2013,6,relaxed,relaxed,111,25.88782063786264,22.720197119800776,NA,19,52.08854450081473,isotherm_chl_model,0.3016312571228315,0.04786639809521336,0.125884530306543,0.1278803287210752,0.1586917700499488,0.4173457734696235,0.42396245648042774,0.5340698630231029,1.0206185626082855,-0.21338649777059981,1,0.6296169933807828,7.455429009265386,528.3247760796019,24.241102414510063,1,1.1232836255945182,0.08509386831728277,0.029323840196063034,1,NA,NA,NA,NA
2013-07-01,07-2013,2013,7,relaxed,relaxed,110,27.373954168248822,22.798546277666,NA,16,52.81733391869058,isotherm_chl_model,0.24127629431846004,0.057916582894352885,0.07529582442469848,0.10806388699940868,0.2400425746671528,0.3120730307856755,0.4478843945471716,0.5914987295735629,1.0656905423949674,-0.1354388272274828,1,0.5560545977747176,8.458862180739494,916.4160338309073,24.926093778673508,1,1.9016210429615579,NA,NA,1,NA,NA,NA,NA
2013-08-01,08-2013,2013,8,relaxed,relaxed,101,25.994795387566445,22.085073109098026,NA,19,50.5217000554625,isotherm_chl_model,0.15223077775868263,0.0331856471537179,0.05861453410621379,0.060430596498750946,0.21799564872698762,0.3850373424428665,0.39696700883014585,0.6203691893504235,1.066312502752515,-0.13015329493193126,1,0.38129285509054867,8.790282688522046,784.3864431344443,25.29477022204193,1,1.5568896849660672,0.03649582580553941,0.022117769783042432,1,NA,NA,NA,NA
2013-09-01,09-2013,2013,9,relaxed,relaxed,126,29.176286655813712,25.310132726398674,NA,18,61.412778175167915,isotherm_chl_model,0.18589890454016023,0.016621340113423977,0.07608356723865468,0.0931939971880816,0.08941064044749777,0.40927388693793054,0.5013154726145718,0.3874357172865078,0.9276848870849703,-0.37436095157921767,1,0.010071054863894683,5.888817206067033,733.9072338038786,27.364902546688253,1,1.1561997559181456,0.048254328939720044,0.03307603412250797,1,NA,NA,NA,NA
2013-10-01,10-2013,2013,10,relaxed,relaxed,120,28.571815915656714,23.270654060422242,NA,15,52.7010954605244,isotherm_chl_model,0.2805401387384402,0.0446294775781747,0.12825770528919883,0.10765295587106663,0.15908410746094595,0.45718129985235045,0.38373459268670357,0.5746900642278241,1.017814918251902,-0.19120207789959048,1,0.7388748679517773,5.537984962001246,973.6512055012861,25.477556106824775,1,1.9210183962128213,0.024962292429264923,0.010863500542001163,1,NA,NA,NA,NA
2013-11-01,11-2013,2013,11,relaxed,relaxed,113,27.090125646860816,24.25004080501911,NA,20,55.665517192040795,isotherm_chl_model,0.2652219374858086,0.06444017890452126,0.0805480434692125,0.12023371511207477,0.24296700158134285,0.3037005318367469,0.4533324665819102,0.5889750844530144,1.0643255227915804,-0.13543476457141612,1,0.4765324067680113,8.810954960836739,687.3123342649991,25.563755962156424,1,1.3167442271349439,0.049296328531255394,0.0222307322514257,1,NA,NA,NA,NA
2013-12-01,12-2013,2013,12,relaxed,relaxed,110,26.402842113974724,23.21241113906829,NA,18,59.69262227835429,isotherm_chl_model,0.21167043837214342,0.03476206512811212,0.05694260871749393,0.1199657645265373,0.1642273025721051,0.26901540505803473,0.56675729236986,0.39681055965582657,0.9717093426216692,-0.2689758785791144,1,1.2638347370770067,7.8387103614670375,602.7808510463077,24.621649599282776,1,1.2520424481376584,0.02203446813190266,0.011639256594347478,1,NA,NA,NA,NA
2014-01-01,01-2014,2014,1,upwelling,moderate,50,23.040006663912468,20.963126796753237,NA,24,43.79351354327695,isotherm_chl_model,0.49077647990353607,NA,NA,NA,NA,NA,NA,NA,NA,NA,1,4.135656976083375,8.563172901334548,1349.4775839573626,22.360654964816092,1,3.540517687394957,0.07867707727836866,0.02317374514948235,1,NA,NA,NA,NA
2014-02-01,02-2014,2014,2,upwelling,moderate,25,21.910412086996434,20.687,NA,48,28.61893472669235,isotherm_chl_model,3.0416957881481994,NA,NA,NA,NA,NA,NA,NA,NA,NA,1,2.788109966789592,12.149777790299705,2389.654217022908,21.428600110186593,1,6.823986413170388,0.0249167957519677,0.013158745070931458,1,NA,NA,NA,NA
2014-03-01,03-2014,2014,3,NA,NA,NA,NA,NA,NA,NA,NA,no_prediction,NA,NA,NA,NA,NA,NA,NA,NA,NA,NA,NA,NA,NA,NA,NA,NA,NA,NA,NA,NA,NA,NA,NA,NA
2014-04-01,04-2014,2014,4,upwelling,moderate,42,22.763081964137942,20.882243682891122,NA,27,30.729606583952098,isotherm_chl_model,1.097413953399573,0.893041153434369,0.15497965086350898,0.04939314910169521,0.8137687247987896,0.14122259916908514,0.04500867603212528,1.568100598220246,0.5836997558267709,0.6286023784030479,1,1.378328380727397,12.916320969274471,725.2895499174895,22.189834684162058,1,1.8683028652629357,0.04721122335160951,0.0375179677312931,1,NA,NA,NA,NA
2014-05-01,05-2014,2014,5,upwelling,strong,22,22.82670293811185,19.88112656784446,NA,19,16.59850350455029,isotherm_chl_model,6.339252676426312,NA,NA,NA,NA,NA,NA,NA,NA,NA,1,0.02287484636107221,17.17752578539755,1606.2643266155756,22.614840190403985,1,4.157206156166735,0.06944653040705073,0.03810334155499348,1,NA,NA,NA,NA
2014-06-01,06-2014,2014,6,relaxed,relaxed,115,24.566915329107594,22.548770484804173,NA,31,49.844104662224595,isotherm_chl_model,0.6334588094295839,0.4533043565026219,0.08531913454701376,0.09483531837994805,0.7156019456273927,0.13468773861372585,0.14971031575888138,1.3652321793220927,0.7937920503663904,0.33970989316965433,1,1.5040431009537971,11.838353888396309,1820.6991569804527,23.685718008539393,1,4.33639588480413,0.13819980205174934,0.10263748762823434,1,NA,NA,NA,NA
2014-07-01,07-2014,2014,7,NA,NA,NA,NA,NA,NA,NA,NA,no_prediction,NA,NA,NA,NA,NA,NA,NA,NA,NA,NA,NA,NA,NA,NA,NA,NA,NA,NA,NA,NA,NA,NA,NA,NA
2014-08-01,08-2014,2014,8,NA,NA,NA,NA,NA,NA,NA,NA,no_prediction,NA,NA,NA,NA,NA,NA,NA,NA,NA,NA,NA,NA,NA,NA,NA,NA,NA,NA,NA,NA,NA,NA,NA,NA
2014-09-01,09-2014,2014,9,relaxed,relaxed,119,27.12800124515757,24.307513784126954,NA,23,46.504286064144146,isotherm_chl_model,0.15994795426843358,0.018958851255326262,0.038296402622597266,0.10269270039051005,0.11853137692219845,0.23943039970568247,0.642038223372119,0.27583370300366106,0.8795332319369935,-0.3668637774432938,1,0.4629642194655803,7.017037235041202,584.2743938347562,25.86481698707869,1,1.0721918224005975,0.08416784754842663,0.10475094653826214,1,NA,NA,NA,NA
2014-10-01,10-2014,2014,10,relaxed,relaxed,115,26.778500297857494,24.109349104293585,NA,18,56.58923199244256,isotherm_chl_model,0.16621193333103376,0.04690035998569653,0.03521771551690695,0.08409385782843025,0.28217203810684316,0.21188439849722504,0.5059435633959317,0.5755690241644931,1.0305135639461869,-0.12679405007001016,1,NA,5.3866486999426275,791.048773376311,25.381905451829383,1,1.5575144821287337,0.03642765619845098,0.017280492671201672,1,NA,NA,NA,NA
2014-11-01,11-2014,2014,11,relaxed,relaxed,126,27.116887548397703,24.66136942597847,NA,19,55.33260121548713,isotherm_chl_model,0.23107282950398242,0.030909775672587042,0.06493514465373733,0.13522790917765806,0.13376637893315935,0.28101592382421664,0.5852176972426241,0.347889231144117,0.9393412804128162,-0.3204852400341813,1,1.234418046677044,5.7800161753190125,1216.867567302878,25.732843842069023,1,2.3635318079253236,0.025430380343424503,0.01505628328594096,1,NA,NA,NA,NA
2014-12-01,12-2014,2014,12,relaxed,relaxed,121,25.99319247554343,23.703393503048638,NA,18,NA,no_prediction,NA,NA,NA,NA,NA,NA,NA,NA,NA,NA,NA,NA,NA,NA,NA,NA,NA,0.05860374216454841,0.02257645672631298,1,NA,NA,NA,NA
2015-01-01,01-2015,2015,1,NA,NA,NA,NA,NA,NA,NA,NA,no_prediction,NA,NA,NA,NA,NA,NA,NA,NA,NA,NA,NA,NA,NA,NA,NA,NA,NA,NA,NA,NA,NA,NA,NA,NA
2015-02-01,02-2015,2015,2,upwelling,weak,67,25.773206861843445,21.363677001082298,NA,15,NA,no_prediction,NA,NA,NA,NA,NA,NA,NA,NA,NA,NA,NA,NA,NA,NA,NA,NA,NA,NA,NA,NA,NA,NA,NA,NA
2015-03-01,03-2015,2015,3,upwelling,weak,87,23.56655411639395,21.779774534421712,NA,35,43.28995549713813,isotherm_chl_model,0.4435254260029516,0.36935240326423474,0.03972513013328544,0.034447892605431456,0.8327648915031463,0.08956674815982495,0.07766836033702883,1.554437080619699,0.5669698333541456,0.5151391353307696,1,1.180075934481524,9.5916043040869,354.707434895638,23.130331739169403,1,0.7939362648636196,0.08259934331453349,0.041204204043799986,1,NA,NA,NA,NA
2015-04-01,04-2015,2015,4,upwelling,moderate,47,23.171638226127467,20.952418803512465,NA,21,NA,no_prediction,NA,NA,NA,NA,NA,NA,NA,NA,NA,NA,NA,NA,NA,NA,NA,NA,NA,0.03058211239061788,0.03367151273309978,1,NA,NA,NA,NA
2015-05-01,05-2015,2015,5,NA,NA,NA,NA,NA,NA,NA,NA,no_prediction,NA,NA,NA,NA,NA,NA,NA,NA,NA,NA,NA,NA,NA,NA,NA,NA,NA,NA,NA,NA,NA,NA,NA,NA
2015-06-01,06-2015,2015,6,NA,NA,NA,NA,NA,NA,NA,NA,no_prediction,NA,NA,NA,NA,NA,NA,NA,NA,NA,NA,NA,NA,NA,NA,NA,NA,NA,NA,NA,NA,NA,NA,NA,NA
2015-07-01,07-2015,2015,7,upwelling,weak,62,25.070177496461994,21.06706474762997,NA,20,51.16591028250839,isotherm_chl_model,0.23009581111212338,0.047874612252415204,0.09920657492711117,0.08301462393259706,0.20806381489963927,0.4311533289007542,0.3607828561996067,0.6466215081536144,1.057177735430785,-0.11952466764608133,1,1.6644924433988375,6.800403489840205,1077.0358984545417,23.408813138859504,1,2.576221204292561,0.049323525992490534,0.04077522819034452,1,NA,NA,NA,NA
2015-08-01,08-2015,2015,8,upwelling,weak,58,24.592583293426937,21.29183160144625,NA,22,47.040761594803755,isotherm_chl_model,0.31996122893651513,0.11534104378058352,0.07468346440723667,0.1299367207486949,0.3604844379550399,0.23341410662619666,0.4061014554187633,0.7537235319898582,1.073367638514434,-0.025874012451236827,1,3.299092585909495,10.90071661430859,1051.8128618608494,22.880400440580143,1,2.622985472221285,0.08199858608392377,0.06389643850250579,1,NA,NA,NA,NA
2015-09-01,09-2015,2015,9,relaxed,relaxed,121,26.469996289130055,22.875340172663037,NA,26,52.09704853017018,isotherm_chl_model,0.35003950552569885,0.06078216452957685,0.1397901787825815,0.14946716221354048,0.17364372755095897,0.39935543438915794,0.4270008380598831,0.5459834389446576,1.0339410251493504,-0.19538481364088484,1,0.7285680868732058,10.571925827927537,1798.6085954437883,24.769455516360157,1,3.8894063086239745,0.060644305845757474,0.03250347980456538,1,NA,NA,NA,NA
2015-10-01,10-2015,2015,10,NA,NA,NA,NA,NA,NA,NA,NA,no_prediction,NA,NA,NA,NA,NA,NA,NA,NA,NA,NA,NA,NA,NA,NA,NA,NA,NA,NA,NA,NA,NA,NA,NA,NA
2015-11-01,11-2015,2015,11,relaxed,relaxed,116,25.628370476783655,23.890640266713092,NA,24,51.08488355127745,isotherm_chl_model,0.32798369197951166,0.14208072076138786,0.08167540666838517,0.10422756454973854,0.4331944673952366,0.24902276749018135,0.31778276511458203,0.9147522517342361,1.0728931523572456,0.06727628085011256,1,1.7907125900091194,7.224563246712702,641.5443717469966,24.6871852363218,1,1.3308807239301228,0.03201648940348452,0.02323256405825334,1,NA,NA,NA,NA
2015-12-01,12-2015,2015,12,relaxed,relaxed,119,25.442181503255213,23.184,NA,17,55.07354062461567,isotherm_chl_model,0.23397488127873328,0.06331336084559636,0.052301570016061165,0.1183599504170757,0.2705989655794351,0.22353497832852642,0.5058660560920385,0.5640734589409784,1.033341192438559,-0.135854703444251,1,5.177774724768267,6.767684093790337,1111.6378486997637,23.928787098825907,1,2.548243831454822,0.028798743185710022,0.01602880618352631,1,NA,NA,NA,NA
2016-01-01,01-2016,2016,1,upwelling,weak,56,24.0195149930193,21.36034878519656,NA,26,NA,no_prediction,NA,NA,NA,NA,NA,NA,NA,NA,NA,NA,NA,NA,NA,NA,NA,NA,NA,0.03607896564183935,0.019398727475531397,1,NA,NA,NA,NA
2016-02-01,02-2016,2016,2,upwelling,weak,76,24.01812036827069,21.25964741578496,NA,22,40.323214202958944,isotherm_chl_model,0.48521412913819856,0.35501229564337283,0.06520585772349245,0.06499597577133341,0.7316610838887138,0.13438573571488172,0.13395318039640447,1.397048452945891,0.7675976945258252,0.36867846336881016,1,1.4830254043844793,18.74768870455484,1883.7647500539101,22.905309804698803,1,4.787470430268652,0.06845917710084364,0.025955427081205913,1,NA,NA,NA,NA
2016-03-01,03-2016,2016,3,NA,NA,NA,NA,NA,NA,NA,NA,no_prediction,NA,NA,NA,NA,NA,NA,NA,NA,NA,NA,NA,NA,NA,NA,NA,NA,NA,NA,NA,NA,NA,NA,NA,NA
2016-04-01,04-2016,2016,4,NA,NA,NA,NA,NA,NA,NA,NA,no_prediction,NA,NA,NA,NA,NA,NA,NA,NA,NA,NA,NA,NA,NA,NA,NA,NA,NA,NA,NA,NA,NA,NA,NA,NA
2016-05-01,05-2016,2016,5,relaxed,relaxed,142,26.22893230285069,23.74222739030675,NA,33,56.56101039897572,isotherm_chl_model,0.40789361384385625,0.08580979444343953,0.13211010082038405,0.1899737185800327,0.21037297847052822,0.3238837195204445,0.4657433020090273,0.5439702259150825,1.048965902051908,-0.17257833107164228,1,1.1432382418527338,8.373969651222398,582.5553941710239,25.148590732841477,1,1.148253201931304,0.023803710744191162,0.018833663770757073,1,NA,NA,NA,NA
2016-06-01,06-2016,2016,6,NA,NA,NA,26.897528903585428,NA,NA,20,NA,no_prediction,NA,NA,NA,NA,NA,NA,NA,NA,NA,NA,NA,NA,NA,NA,NA,NA,NA,0.015128424426185727,0.005227593357736478,1,NA,NA,NA,NA
2016-07-01,07-2016,2016,7,NA,NA,NA,NA,NA,NA,NA,NA,no_prediction,NA,NA,NA,NA,NA,NA,NA,NA,NA,NA,NA,NA,NA,NA,NA,NA,NA,NA,NA,NA,NA,NA,NA,NA
2016-08-01,08-2016,2016,8,NA,NA,NA,NA,NA,NA,NA,NA,no_prediction,NA,NA,NA,NA,NA,NA,NA,NA,NA,NA,NA,NA,NA,NA,NA,NA,NA,NA,NA,NA,NA,NA,NA,NA
2016-09-01,09-2016,2016,9,NA,NA,NA,NA,NA,NA,NA,NA,no_prediction,NA,NA,NA,NA,NA,NA,NA,NA,NA,NA,NA,NA,NA,NA,NA,NA,NA,0.0464001759540006,0.03977304447551569,1,NA,NA,NA,NA
2016-10-01,10-2016,2016,10,NA,NA,NA,NA,NA,NA,NA,NA,no_prediction,NA,NA,NA,NA,NA,NA,NA,NA,NA,NA,NA,NA,NA,NA,NA,NA,NA,NA,NA,NA,NA,NA,NA,NA
2016-11-01,11-2016,2016,11,NA,NA,NA,NA,NA,NA,NA,NA,no_prediction,NA,NA,NA,NA,NA,NA,NA,NA,NA,NA,NA,NA,NA,NA,NA,NA,NA,NA,NA,NA,NA,NA,NA,NA
2016-12-01,12-2016,2016,12,relaxed,relaxed,109,26.58658136209427,25.53485906375731,NA,38,49.44851278451211,isotherm_chl_model,0.33764364032224703,0.2308150324374374,0.04985140107320851,0.05697720681160121,0.6836054492752996,0.1476450171714484,0.1687495335532521,1.3141964651756293,0.8427254409982287,0.30378146746556584,1,0.7788429538641368,11.512803361854829,711.8933561832829,26.285692790041477,1,1.2677763065893202,0.02046093664084961,0.006364205929021413,1,NA,NA,NA,NA
2017-01-01,01-2017,2017,1,relaxed,relaxed,75,24.506592491154265,22.452932092423005,NA,35,NA,no_prediction,NA,NA,NA,NA,NA,NA,NA,NA,NA,NA,NA,NA,NA,NA,NA,NA,NA,0.015621698898716478,0.004859025026314549,1,NA,NA,NA,NA
