"","Pras","date","Lut","Fuco","Perid","Allo","But_fuco","Hex_fuco","Zea","Tot_Chl_b","DP","Tot_Chl_a","TChl","Chl_c1c2","Chl_c3","source","DP2","micro","nano","pico","micro_abs","nano_abs","pico_abs","time_month","size_centroid","size_shannon","nbss_slope"
"1",NA,1995-12-13,NA,1.26831571614236,0.361788791122277,0.0936059572020943,0.384091065757438,1.59449232810887,0.550914176520716,3.69894951512292,NA,10.4390974033663,NA,0.415313474300922,NA,"BBRS",8.72377326135973,0.263469405540796,0.253972752117275,0.482557842341929,2.75038278724739,2.65124629715324,5.03746831896569,"12-1995",0.580252112652448,1.05111502077162,-0.131409593222171
"2",NA,1996-01-12,NA,24.7120582596336,4.16204197799784,0.184660263278036,0.557328229324785,1.5269002501109,0.380565633219321,3.91268049228764,NA,40.6773160242543,NA,7.07213086293969,2.18448758246386,"BBRS",47.2365994327109,0.86188425551369,0.0475272221716428,0.0905885223146673,35.0591382378595,1.93327983603086,3.68489795036393,"01-1996",1.5706362826526,0.490436779141913,0.489187885911659
"3",NA,1996-02-13,NA,20.0918608286972,0.92380718579623,0.304819080230028,0.289592035924396,1.86201772524047,0.367786796162017,2.50068243475614,NA,24.2297760161131,NA,3.1562109088356,0.7279807520865,"BBRS",35.1230889760057,0.843664175456744,0.0754207915362062,0.0809150330070493,20.4417940041356,1.82742888588023,1.9605531260972,"02-1996",1.56208969190328,0.541810751522252,0.509070196206364
"4",NA,1996-03-13,NA,28.2854923892529,1.5392920436933,0.276142296287105,NA,1.66405931355187,0.384931208663966,2.21189825153354,NA,26.5779125741627,NA,NA,NA,"BBRS",NA,NA,NA,NA,NA,NA,NA,"03-1996",NA,NA,NA
"5",NA,1996-04-16,NA,91.0877417947274,1.48599789923695,0,NA,15.8263385735318,NA,4.37686185693521,NA,163.62805587616,NA,5.27668977430994,1.19804457812761,"BBRS",NA,NA,NA,NA,NA,NA,NA,"04-1996",NA,NA,NA
"6",NA,1996-05-09,NA,24.131835294917,0,0,NA,3.97186963825127,NA,2.96064553904487,NA,45.8612690445932,NA,2.14650262754699,0.390640750411912,"BBRS",NA,NA,NA,NA,NA,NA,NA,"05-1996",NA,NA,NA
"7",NA,1996-06-12,0.0860232931196479,7.29059176318589,0.341061433439531,0.544757068991392,0.450488608025372,2.5355012000946,NA,8.59454642274448,NA,23.4669442918816,NA,1.77029725114017,0.193831504584134,"BBRS",NA,NA,NA,NA,NA,NA,NA,"06-1996",NA,NA,NA
"8",1.12859847809606,1996-07-10,NA,0.91581346371478,0.354777808708678,0,0.576646918747456,2.79466182518545,1.38259096523456,0.639852696950867,NA,15.7720359461729,NA,0.541720191753359,NA,"BBRS",7.3778600876863,0.242825653078886,0.508419364824721,0.248754982096393,3.82985492901309,8.01880849774587,3.92337251941389,"07-1996",0.793411220436075,1.03370737379378,-0.00523861108339763
"9",NA,1996-08-06,0.0899000086154,0.957347798114479,0.186714016487603,0.0089473870133222,0.496183094302797,2.20919827767316,1.02022765738794,NA,NA,13.0692361583421,NA,0.609384093945909,0.316839152924119,"BBRS",NA,NA,NA,NA,NA,NA,NA,"08-1996",NA,NA,NA
"10",0.458416280938075,1996-09-10,NA,0.676588554718923,0.195737367935132,0.00495243892086373,0.680398619347558,2.58869134945792,0.651377587053175,0.637795915210983,NA,14.8013017227042,NA,0.457337453655366,NA,"BBRS",5.96308714410676,0.206265567015533,0.59176545783389,0.201968975150577,3.05299889240158,8.75889909047362,2.98940373982904,"09-1996",0.803637141318538,0.959153547035696,0.00457103662048383
"11",0.783939237248606,1996-10-09,NA,3.83431700766629,0.644253204957885,0.0148573167625912,0.800697543362611,3.12558894802754,1.64189156206338,0.597250295533174,NA,23.384750808486,NA,1.0094480292174,NA,"BBRS",12.5886900358925,0.50162359878554,0.338292267272232,0.160084133942228,11.7303428572558,7.91088037059888,3.7435275806313,"10-1996",1.14088001429689,1.00601221471301,0.248014834400466
"12",1.9038698368858,1996-11-10,NA,12.3145110251523,0.494436499910966,0.0395114605686708,0.677024021967034,2.92725462128124,0.892399719147642,1.85704538501187,NA,35.2527302688537,NA,1.41555594477833,0.626516919506007,"BBRS",24.6819742607251,0.731733038028406,0.161181541275134,0.107085420696461,25.7955874184242,5.68208939889039,3.77505345153906,"11-1996",1.42398816678553,0.761984151273805,0.417311158424736
"13",0.582299019542782,1996-12-11,NA,0.99308855964269,0.200725925484656,0.108225796652862,0.607763380741818,2.64335797077404,1.3255192810438,3.33498344008058,NA,15.2476863209549,NA,0.645411586082181,0.169054985254108,"BBRS",9.82627556434299,0.171303808142501,0.369897756310013,0.458798435547486,2.61198673214189,5.64008495904008,6.99561462977289,"12-1996",0.511845922048597,1.02757826196644,-0.21392745537335
"14",3.78019470985158,1997-01-07,NA,44.9571260626309,1.64286229489235,0.0559294456768045,0.463712935207323,1.70319907197082,1.22906227108719,3.7413415462424,NA,104.372739459336,NA,15.8912955086668,0.826886445326408,"BBRS",72.9006521150792,0.901308584735099,0.0323580098077566,0.0663334054571447,94.0720460870191,3.37729412708761,6.92339924522905,"01-1997",1.63431572873154,0.384636312163486,0.566570606867639
"15",1.28515587422852,1997-02-18,NA,14.6932675430374,0.649373201993991,0.0166831598671239,0.222152552647372,0.969513048135351,0.4889491588729,3.59899813165125,NA,30.6643620141262,NA,6.58206387678797,0.481326349673407,"BBRS",27.0076527005714,0.80099976441257,0.0488396705594056,0.150160565028024,24.5621467491768,1.49763733868427,4.60457792626507,"02-1997",1.45017974883813,0.609906838843835,0.363538247280104
"16",1.46855460747354,1997-03-13,NA,29.1320239396231,0.195673410960303,0,NA,NA,NA,44.2552080187074,NA,48.9804364725645,NA,17.494256480345,NA,"BBRS",NA,NA,NA,NA,NA,NA,NA,"03-1997",NA,NA,NA
"17",NA,1997-04-15,NA,24.3959484971769,1.71252478185133,0,0.455194922985014,3.51928854039437,NA,4.73804775797226,NA,58.6304982851564,NA,15.5668769824997,0.889311328729499,"BBRS",NA,NA,NA,NA,NA,NA,NA,"04-1997",NA,NA,NA
"18",0.658681445740104,1997-05-10,NA,11.0073013227194,0.665316871499687,0.0374556143875403,0.330438714574454,1.26623915409949,0.484541605164669,3.10279797115112,NA,24.4196082008072,NA,9.14618808527687,0.743160908374682,"BBRS",21.7551740295931,0.756527694582489,0.0802682912149796,0.163204014202531,18.4741098947643,1.9601202224181,3.98537808362479,"05-1997",1.39266422983354,0.709399385803383,0.33304699726443
"19",0.35463464669627,1997-06-17,NA,1.89838460496662,0.293219647728336,0,0.573909131824637,2.71012813785462,0.568954059994141,13.33487979843,NA,14.2582535515956,NA,2.26788352624516,0.369471676150129,"BBRS",20.6904220155232,0.14935229421524,0.176058802883817,0.674588902900943,2.12950287943339,2.51029105150785,9.61845962065432,"06-1997",0.274103940767879,0.855341757526314,-0.327413647232174
"20",1.00001186124789,1997-07-12,NA,7.43785693319038,0.784533535700958,0,0.431995327532742,1.603269368073,0.363035975235333,2.11233181768161,NA,16.3830355997217,NA,8.6179605498181,1.09744010382781,"BBRS",16.2265870977868,0.71447991443118,0.134800401890273,0.150719683678547,11.7053498734122,2.20843978302513,2.46924594328443,"07-1997",1.36310078020621,0.795554971637523,0.337910025183547
"21",0.737353063090368,1997-08-17,NA,1.69736637037873,0.394290458494169,0,1.03053108137492,3.64838542668401,1.30496868127391,14.5356412045634,NA,19.4724799287439,NA,3.44172909303337,0.366466859273601,"BBRS",23.7466421815853,0.12419592236067,0.210309117903106,0.665494959736223,2.41840260539999,4.09524007720008,12.9588372461439,"08-1997",0.258041512078028,0.85797441461971,-0.364518716710765
"22",NA,1997-09-17,NA,0.397273845752109,0.345686529787195,0.08119940760728,0.285556601897581,1.55720910006507,1.47504132023547,NA,NA,9.17784894355046,NA,1.36948095988856,0.187524073444458,"BBRS",NA,NA,NA,NA,NA,NA,NA,"09-1997",NA,NA,NA
"23",NA,1997-10-14,NA,0.624693646008167,0.460206415272901,0.0353807762780807,0.379655966541545,1.4527592726656,NA,12.2934090230008,NA,10.5682376945824,NA,1.67554408084056,NA,"BBRS",NA,NA,NA,NA,NA,NA,NA,"10-1997",NA,NA,NA
"24",0.163844751437482,1997-11-13,NA,1.25973274663811,0.536560694515488,0.0710015647898144,0.599853076345447,2.89992948764266,NA,10.3485666859304,NA,15.0061458218123,NA,1.35779546184977,0.21582084534352,"BBRS",NA,NA,NA,NA,NA,NA,NA,"11-1997",NA,NA,NA
"25",1.08298547530066,1997-12-17,NA,6.88051845507122,0.632041451349719,0.00858318807967903,0.528687555086722,3.51291916175873,NA,8.40281934929816,NA,21.69258853449,NA,4.52828579287209,0.671378787181912,"BBRS",NA,NA,NA,NA,NA,NA,NA,"12-1997",NA,NA,NA
"26",0.406741529803553,1998-01-14,NA,3.46439785886152,1.45415199680036,0.173617284963993,1.11056889177637,3.92834174744316,1.3421273923454,2.99338399658516,NA,24.5042731028918,NA,6.97076733682236,0.749887794273529,"BBRS",16.5945661928042,0.417917239649837,0.330340874154938,0.251741886195225,10.2407581747863,8.09476299734062,6.16875193076491,"01-1998",0.965515902908193,1.0777569774714,0.110067402444398
"27",0.254385072673062,1998-02-11,NA,4.34777726758793,0.468035831029355,0.0214308518248885,0.445705611999912,1.66040513480417,0.373669491658677,2.05877994631589,NA,15.4136068326216,NA,4.09058569344578,0.431974571683465,"BBRS",11.4685899741521,0.592077708275764,0.198591980498857,0.209330311225379,9.12605300972224,3.06101870752104,3.2265351153783,"02-1998",1.18208794650397,0.958702235118996,0.225773295531629
"28",3.01990247459659,1998-03-12,NA,39.1467861968596,1.45421515550047,0.0400039648556872,0.350921518595469,1.47109304455088,NA,13.3131945537914,NA,80.3829423881285,NA,18.3536916947041,NA,"BBRS",NA,NA,NA,NA,NA,NA,NA,"03-1998",NA,NA,NA
"29",0.501051985314607,1998-04-21,NA,1.82533673113708,0.447328896133962,0.0219271894137995,0.486106239917163,3.77439481650893,0.981953174196598,3.06446699535178,NA,18.7593530752277,NA,2.36919653506621,0.429086690081792,"BBRS",12.1208248441522,0.264376276008823,0.410597049175802,0.325026674815375,4.95952790636335,7.7025350171355,6.09729015172884,"04-1998",0.73869015064703,1.08249207237745,-0.0448482619915458
"30",NA,1998-06-09,NA,3.33451246922581,0,0.280552181394736,NA,4.68715121331623,2.76452301293076,7.46251701726663,NA,28.4539508152567,NA,NA,NA,"MOTE",NA,NA,NA,NA,NA,NA,NA,"06-1998",NA,NA,NA
"31",NA,1998-07-09,NA,4.0494363654505,0,0.0564548232000677,NA,6.16085773517561,2.02825970948234,3.84644813114959,NA,17.0701526497922,NA,2.3883633910779,2.74897134491986,"MOTE",NA,NA,NA,NA,NA,NA,NA,"07-1998",NA,NA,NA
"32",NA,1998-08-05,NA,2.99168565753526,0,0,NA,2.14176433668397,2.63309516889334,NA,NA,12.4496679447707,NA,NA,NA,"MOTE",NA,NA,NA,NA,NA,NA,NA,"08-1998",NA,NA,NA
"33",NA,1998-09-01,NA,1.32933249032972,0,0.22019859657406,0.481862745098039,2.38344493747619,2.54048013647832,NA,NA,12.844675425924,NA,NA,NA,"MOTE",NA,NA,NA,NA,NA,NA,NA,"09-1998",NA,NA,NA
"34",NA,1998-10-14,NA,2.75896772020042,0.308721370136712,0.282713644032102,2.54139234793352,9.85008019178355,2.51396935783842,NA,NA,24.8202175411993,NA,4.27525185666653,NA,"MOTE",NA,NA,NA,NA,NA,NA,NA,"10-1998",NA,NA,NA
"35",NA,1998-11-10,NA,0.567313262258967,0,0.205122422436968,NA,2.14745577689914,2.95327603226337,NA,NA,14.3866036499977,NA,0.845145018103761,NA,"MOTE",NA,NA,NA,NA,NA,NA,NA,"11-1998",NA,NA,NA
"36",NA,1998-12-16,NA,26.8911219423472,0,0,2.59339859302231,13.2130845117041,NA,NA,NA,82.3874167361351,NA,NA,9.92206292045013,"MOTE",NA,NA,NA,NA,NA,NA,NA,"12-1998",NA,NA,NA
"37",NA,1999-01-12,NA,0.821250241797135,0,0.880048282365164,0.823088509793161,3.28179474512497,1.98258610868237,NA,NA,8.99474586761796,NA,NA,NA,"MOTE",NA,NA,NA,NA,NA,NA,NA,"01-1999",NA,NA,NA
"38",NA,1999-02-10,NA,52.8067463703874,0,0,NA,3.31185176566878,NA,NA,NA,NA,NA,41.0256313463672,NA,"MOTE",NA,NA,NA,NA,NA,NA,NA,"02-1999",NA,NA,NA
"39",NA,1999-03-04,NA,NA,0,0.0806270024043227,NA,3.52918988184317,NA,NA,NA,NA,NA,2.03600718273821,2.84580018478739,"MOTE",NA,NA,NA,NA,NA,NA,NA,"03-1999",NA,NA,NA
"40",NA,1999-04-07,NA,4.25973502242342,0,0,1.48573116552258,4.29980984965464,NA,NA,NA,10.3862822001543,NA,4.61787811759664,4.94739204200674,"MOTE",NA,NA,NA,NA,NA,NA,NA,"04-1999",NA,NA,NA
"41",NA,1999-05-06,NA,NA,0,0,NA,NA,NA,NA,NA,NA,NA,NA,NA,"MOTE",NA,NA,NA,NA,NA,NA,NA,"05-1999",NA,NA,NA
"42",NA,1999-06-08,NA,4.8346666113255,0,0.122309204042954,0.996662914828425,3.58302595199583,1.32380354518645,NA,NA,30.3355785714664,NA,4.00635138181696,1.59886981529569,"MOTE",NA,NA,NA,NA,NA,NA,NA,"06-1999",NA,NA,NA
"43",NA,1999-07-15,NA,13.3088596691147,0,0.0495243892086373,NA,5.39667178922681,1.860192386429,NA,NA,20.8416631788029,NA,6.89136219316828,7.6022432462981,"MOTE",NA,NA,NA,NA,NA,NA,NA,"07-1999",NA,NA,NA
"44",NA,1999-08-11,NA,8.65401055859244,0,0.159965372515307,1.9061801275145,5.44642300273522,1.12983429155764,NA,NA,13.2319491331974,NA,5.9535929235384,11.3603340676555,"MOTE",NA,NA,NA,NA,NA,NA,NA,"08-1999",NA,NA,NA
"45",NA,1999-09-14,NA,2.97315705199864,0,0.0247621946043187,0.411301684696195,1.45969349277497,1.30338732328192,NA,NA,7.75796764544357,NA,2.01594363596095,NA,"MOTE",NA,NA,NA,NA,NA,NA,NA,"09-1999",NA,NA,NA
"46",NA,1999-10-05,NA,0.466373846768145,0,0.0219271894137995,0.328047069393464,0.758932487183044,2.04291651743443,NA,NA,4.51765038300245,NA,NA,2.7561311069892,"MOTE",NA,NA,NA,NA,NA,NA,NA,"10-1999",NA,NA,NA
"47",NA,1999-11-04,NA,0.324181404111195,0,0,0.310623618514375,0.658856513013208,2.46374390333933,NA,NA,4.17491239773097,NA,NA,0.791145833333333,"MOTE",NA,NA,NA,NA,NA,NA,NA,"11-1999",NA,NA,NA
"48",NA,1999-12-07,NA,0.440462994833454,0,0,0.413200718250226,1.07093836303719,2.40251467750046,NA,NA,5.40642917689862,NA,NA,NA,"MOTE",NA,NA,NA,NA,NA,NA,NA,"12-1999",NA,NA,NA
"49",NA,2000-01-11,NA,7.58566909726286,0,0.381481711532567,0.937007302303473,2.87160512466941,1.81048498784087,3.51244362306009,NA,28.2343523685902,NA,NA,2.70454545454545,"MOTE",20.0041586670304,0.534678493865817,0.210145308334527,0.255176197799656,15.0963009997146,5.93331668412308,7.20473468475254,"01-2000",1.07884284551974,1.01109402574444,0.160626276994135
"50",NA,2000-02-08,NA,9.33192608429209,0,0.324798114578743,0.995585160116037,3.66619078793084,0.96595974302183,4.90894816761855,NA,31.5574686553216,NA,NA,3.24580054566604,"MOTE",24.1461747826054,0.54493168782704,0.215330006606496,0.239738305566465,17.1966646578933,6.79526993403468,7.56553406339361,"02-2000",1.10453393171416,1.00387843013348,0.178302315712753
"51",NA,2000-03-09,NA,NA,0,0.0282274116000339,NA,1.53177928373816,NA,NA,NA,8.23615781199198,NA,NA,NA,"MOTE",NA,NA,NA,NA,NA,NA,NA,"03-2000",NA,NA,NA
"52",NA,2000-04-11,NA,9.5501757901958,0.200019824278436,0.151712015557729,NA,1.96139709957316,1.23944632737409,2.93516931843118,NA,21.7408641903259,NA,NA,NA,"MOTE",NA,NA,NA,NA,NA,NA,NA,"04-2000",NA,NA,NA
"53",NA,2000-05-11,NA,7.31967790087116,0,0.276400419000111,0.966128159816876,2.44526388477256,1.6577172638766,2.84059106496732,NA,23.2842102666332,NA,NA,3.30262894214945,"MOTE",18.2248499037763,0.566300731952245,0.198052124437481,0.235647143610274,13.1858653169243,4.61148730915571,5.48685764055312,"05-2000",1.12999413779555,0.983315584245604,0.190392471559469
"54",NA,2000-06-06,NA,0.706930811636577,0,0,0.516471125852282,1.89281673411905,0.945342162758823,2.5854976094542,NA,9.16798023703679,NA,NA,1.5212095443887,"MOTE",7.0057614363084,0.142278959035295,0.3689309391816,0.488790101783105,1.30441068458175,3.38235155924833,4.48121799320671,"06-2000",0.452829406705772,0.99520379001599,-0.267990861799242
"55",NA,2000-07-07,NA,8.02748964167682,0,0,0.301289319847062,0.861126924504654,0.491566913482714,NA,NA,4.86644028336182,NA,NA,4.65265414937703,"MOTE",NA,NA,NA,NA,NA,NA,NA,"07-2000",NA,NA,NA
"56",NA,2000-08-09,NA,0.530288449949665,0,0.0666732747594786,0.362955937562566,1.26698862895361,2.87418671615583,NA,NA,7.93497884648824,NA,NA,NA,"MOTE",NA,NA,NA,NA,NA,NA,NA,"08-2000",NA,NA,NA
"57",NA,2000-09-12,NA,1.28204353712207,0.495924162361699,0,0.792173748380632,1.89910437237359,2.54966537598677,1.86922226158423,NA,12.9983914254042,NA,NA,1.46681222909007,"MOTE",9.2766845286685,0.270240348103326,0.289879790191988,0.439879861704686,3.51268982358454,3.76797097922951,5.71773062259019,"09-2000",0.629701035852222,1.07380211421882,-0.105791944095034
"58",NA,2000-10-10,NA,NA,0,0.0198097556834549,NA,1.31315045401583,3.31373091018353,NA,NA,8.68740331357458,NA,NA,1.13808845261626,"MOTE",NA,NA,NA,NA,NA,NA,NA,"10-2000",NA,NA,NA
"59",NA,2000-11-03,NA,2.4718931617574,0.206268927061785,0.129701877849275,0.264175485813076,0.99742322017233,2.10921661110472,1.57176575066416,NA,NA,NA,2.62505173487348,1.73211890040496,"MOTE",8.61462827531892,0.438348402803864,0.166810451993624,0.394841145202512,NA,NA,NA,"11-2000",0.842847807054934,1.02717909242868,NA
"60",NA,2000-12-05,NA,13.1803817130687,0.901923201228059,0.880831236788635,0.839472656536828,4.28787871011174,2.33843754560163,8.54978014814023,NA,NA,NA,12.0239425253611,6.62606695471648,"MOTE",36.7703043017005,0.540002328135212,0.170461470274346,0.289536201590442,NA,NA,NA,"12-2000",1.04980667599835,0.99320076062269,NA
"61",NA,2001-01-11,NA,41.3261311024612,0.752465435605794,0.583116510598805,0.646323047196702,2.24739888517902,0.562641734877369,4.53131051473742,NA,NA,NA,30.2456140319762,9.2148328256789,"MOTE",67.8215961876093,0.874807206756864,0.0505779832660762,0.0746148099770595,NA,NA,NA,"01-2001",1.59953294623339,0.461600273807823,NA
"62",NA,2001-02-18,NA,49.1143252791373,2.45933174611846,1.66121965449792,0.577421726746805,1.19792711453702,1.21255066026758,2.38813857355994,NA,NA,NA,37.7453220431116,4.9685062610439,"MOTE",78.8938667652585,0.921730159607704,0.034479192667991,0.0437906477243047,NA,NA,NA,"02-2001",1.67728006133698,0.328220581952135,NA
"63",NA,2001-03-14,NA,77.2882445030439,2.40010603031065,1.72126295642526,0.624057745020955,2.08265647838843,0.629346519707133,3.58265592346824,NA,NA,NA,57.2566091847485,13.0684504720298,"MOTE",120.416446453847,0.933099900893484,0.0323556443235444,0.0345444547829718,NA,NA,NA,"03-2001",1.69789599556409,0.291881433363131,NA
"64",NA,2001-04-04,NA,12.76023072118,1.1751632435798,0.876577628279662,0.799927323621194,3.12182859105183,0.942407603830284,4.81629489564919,NA,NA,NA,11.336385709949,5.17726190335984,"MOTE",30.0944773250821,0.652907351673294,0.158522223175312,0.188570425151394,NA,NA,NA,"04-2001",1.26367747597548,0.884912280793379,NA
"65",NA,2001-05-05,NA,2.23416161929218,1.16727498804293,0.78210961105905,0.875237099868486,3.87882261981154,2.45504425832691,8.63371372883711,NA,NA,NA,5.53067395494649,3.17870346825412,"MOTE",21.3291180233792,0.224858131080971,0.267320171068505,0.507821697850523,NA,NA,NA,"05-2001",0.51637698268403,1.03234286257527,NA
"66",NA,2001-06-10,NA,1.93077244716281,0.645922531516381,0.464392798510349,0.30624708161262,1.70089472805812,1.49670584117341,2.05420133426906,NA,NA,NA,2.73050059326695,1.59641756638584,"MOTE",9.54100875326298,0.380792012028617,0.266843740336548,0.352364247634835,NA,NA,NA,"06-2001",0.827768313847363,1.08772813913936,NA
"67",NA,2001-07-10,NA,4.22329662786195,1.14410210069982,0.508978362251991,0.578898116480763,2.87533519996282,1.27654234007361,0.673590638710884,NA,NA,NA,5.27409226223885,2.96399684746457,"MOTE",13.5058622269056,0.560351651758706,0.307990485330552,0.131657862910741,NA,NA,NA,"07-2001",1.22803433830155,0.954209416382157,NA
"68",NA,2006-07-04,NA,1.27864231725552,0.359488298476414,0.024213734105596,0.269951712874372,1.02578662848833,1.51389463645901,NA,NA,10.304060534707,NA,NA,0.673504057361441,"HPL",NA,NA,NA,NA,NA,NA,NA,"07-2006",NA,NA,NA
"69",NA,2006-08-03,NA,1.95030407910569,0.569662096258284,0.217688640687434,0.718891960201401,2.43025528564956,3.20098488422237,NA,NA,19.7790820781494,NA,NA,2.10810824626616,"HPL",NA,NA,NA,NA,NA,NA,NA,"08-2006",NA,NA,NA
"70",NA,2006-09-12,NA,1.15698213783654,0.329886896823944,0.139256005220069,0.590342076797853,2.23886575529788,1.94888051241845,NA,NA,12.7803178862074,NA,NA,1.2950528025672,"HPL",NA,NA,NA,NA,NA,NA,NA,"09-2006",NA,NA,NA
"71",NA,2006-10-10,NA,10.5156664765284,0.874235517040377,0.160973244357613,1.21116513446089,3.06460945726954,1.46932101179814,NA,NA,28.7377283003531,NA,NA,4.9348862983026,"HPL",NA,NA,NA,NA,NA,NA,NA,"10-2006",NA,NA,NA
"72",NA,2006-11-02,NA,0.342397667210469,0.291757054041214,0.0400677406127566,0.524552875706716,1.65062837205938,2.54398514471056,NA,NA,10.6027673988538,NA,NA,0.759768985051339,"HPL",NA,NA,NA,NA,NA,NA,NA,"11-2006",NA,NA,NA
"73",NA,2006-12-05,NA,3.29401224589411,0.324211777657881,0.115826952907569,0.776674212353875,2.23178870451203,1.30629292119662,NA,NA,17.748083866878,NA,NA,1.33155763194106,"HPL",NA,NA,NA,NA,NA,NA,NA,"12-2006",NA,NA,NA
"74",NA,2007-02-05,NA,47.7226791033991,1.05750088431224,0.95277903999721,0.925039745216294,2.62548248337393,NA,NA,NA,99.0420401609408,NA,NA,8.41572739455284,"HPL",NA,NA,NA,NA,NA,NA,NA,"02-2007",NA,NA,NA
"75",NA,2007-03-06,NA,5.7140070936926,0.192321411106018,0.656437290736501,0.546740346331236,3.65750100940402,1.84247583334967,NA,NA,30.0322318868174,NA,NA,2.91562193339398,"HPL",NA,NA,NA,NA,NA,NA,NA,"03-2007",NA,NA,NA
"76",NA,2007-04-10,NA,2.00724908972383,0.52483398725354,0.513887496076529,0.870388488446337,4.90714467140439,1.90834707915831,NA,NA,24.9270412129521,NA,NA,2.65539857125632,"HPL",NA,NA,NA,NA,NA,NA,NA,"04-2007",NA,NA,NA
"77",NA,2007-05-08,NA,0.966224065943999,0.169535626124267,0.490656423202114,0.523571187892794,2.93638746001904,3.69830009852803,NA,NA,22.4375967837476,NA,NA,1.49199139185439,"HPL",NA,NA,NA,NA,NA,NA,NA,"05-2007",NA,NA,NA
"78",NA,2007-06-05,NA,0.45875537093792,0.240638915527705,0.107180755938214,0.393966299275028,1.67417089103757,2.56957830945967,NA,NA,10.1171753915052,NA,NA,0.612669920954147,"HPL",NA,NA,NA,NA,NA,NA,NA,"06-2007",NA,NA,NA
"79",0,2007-07-03,0,6.94049691349857,4.47764089637992,0.2351412318585,0.633304898530867,2.38765269035805,0.833841511006518,3.60334546242049,19.398793209754,26.6430458694264,38.101115966786,NA,2.92132713185507,"HPL",23.8511172987946,0.675002940543264,0.142343871267079,0.182653188189657,17.9841343068919,3.79247429140052,4.866437271134,"07-2007",1.29169030180719,0.853343447620837,0.283839203798803
"80",0.0184157556655562,2007-08-07,0,0.636207144408793,0.342620266886551,0.138150386607063,0.4922017454437,2.59012406482193,3.22643890191431,2.77589956593816,10.173495994291,14.1604819621661,19.1786054135618,NA,1.1532031242282,"HPL",10.5031610723637,0.13140297862878,0.33748110504752,0.5311159163237,1.86072950864774,4.7788951005973,7.5208573529211,"08-2007",0.399627611758661,0.96934485479704,-0.303292053272669
"81",0.0182937640523597,2007-09-04,0,1.24459129661927,0.656228649793071,0.403442329966907,0.824053610382707,3.48070159187209,3.10762614141091,3.52289578582452,13.3221104631895,18.614574965905,24.7637263164248,NA,1.14338101486055,"HPL",13.8618145330292,0.193348144866263,0.357166456923423,0.449485398210314,3.59909353713171,6.64850178770773,8.36697964106554,"09-2007",0.543203296109531,1.04487560057176,-0.183187789263543
"82",NA,2007-10-19,NA,0.672732052366911,0.458671041626809,0.279294004335082,0.758360655538447,3.20454803522773,3.08066706735099,4.17814096670493,12.7078123551193,17.4205440416189,24.7361011669991,1.42675218920598,1.66954008264919,"HPL",12.9673530536037,0.123022667458554,0.347239611520207,0.529737721021239,2.14312179657917,6.04910294548242,9.22831929955734,"10-2007",0.392625495890896,0.961650539637995,-0.317037879692238
"83",NA,2007-12-11,NA,0.747146475399307,0.474848749608586,0.144403304840834,1.00327351076064,3.09338420656181,2.76486246193781,2.31017837442288,10.3616721563724,16.1833617073246,21.3734563750457,1.36898343931799,1.54538684144282,"HPL",10.800460796699,0.159531458860324,0.404277718904249,0.436190822235427,2.58175530243381,6.54257255523957,7.05903384965125,"12-2007",0.522681186078479,1.02085448793904,-0.218415093394062
"84",NA,2008-01-10,NA,5.12911300485638,0.298426443787654,0.311745179669798,0.378376614275603,1.64928059684097,1.29476315031848,1.13849203167741,10.4765718790314,20.1645909035657,25.7580131525479,2.1037715433744,2.30830376728913,"HPL",12.3302691646425,0.620653979276692,0.195783664456311,0.183562356266997,12.5152335847846,3.94789749936249,3.70145981941857,"01-2008",1.23643217246328,0.926488789347598,0.26453296018797
"85",NA,2008-02-12,NA,3.41735504448795,1.16591485155177,1.14293768596972,1.42243003897548,6.28526237825499,3.19183055338602,5.55531462990408,22.0440451486072,35.7308269770197,48.097992639941,3.52294797794014,3.47154185441823,"HPL",23.9841489511382,0.269445064178912,0.382164752407115,0.348390183413974,9.62749496798866,13.6550626449742,12.4482693640569,"02-2008",0.720395430218519,1.08830719993348,-0.0557978385013776
"86",NA,2008-03-11,NA,17.2004764365902,0.925994591129525,0.584462914256046,0.787765019806153,3.45863055815555,0.354047790404807,2.78558099527804,26.3510479239304,48.2703387825264,64.5464256391373,6.92251870387064,6.32587919804037,"HPL",33.6950983684071,0.758517570408656,0.148949151578945,0.0925332780123993,36.6139000961246,7.18982600808555,4.46661267831622,"03-2008",1.46532484184984,0.713514222891311,0.456833848938802
"87",NA,2008-04-08,NA,5.35243276290828,0.687197845424658,22.3473230802324,1.11449216734115,3.32761933996063,0.815140403863076,3.93022808960284,37.6711650467731,147.527122927214,171.296113223876,17.0422894303876,3.09816718150448,"HPL",31.2109729440294,0.272848884686196,0.577506593619566,0.149644521694239,40.2526109516537,85.1978862281904,22.0766257473702,"04-2008",0.922544912445538,0.955706518211424,0.130430680202466
"88",NA,2008-05-04,NA,0.950026536149386,0.23597553640765,0.165751174028221,0.769820151877161,2.87389637067912,1.43613734305703,2.1670174695533,8.6543148514222,14.5293513334877,19.4658184972454,1.25924962986626,1.49501602740634,"HPL",9.11476482991971,0.183467478701823,0.440903986369972,0.375628534928205,2.66566345632795,6.40604892230457,5.45763895485513,"05-2008",0.6071794932272,1.03997615716875,-0.155599741831704
"89",NA,2008-06-03,NA,0.72562115144199,0.311730600260581,0.213021510201537,0.899208791361438,2.92268217061644,3.84600170966047,3.65346004644035,12.6904301748372,14.9357898187126,21.4367234345213,1.28799753867653,1.47617271460485,"HPL",12.6145644268937,0.115950572719125,0.329329035802729,0.554720391478146,1.7318133834922,4.91878925994884,8.28518717527155,"06-2008",0.360570730694561,0.942502952081513,-0.339900616348333
"90",0.667183578436767,2008-07-08,NA,7.52460288915738,0.480690908390117,0.268065771446566,1.30279853901353,3.28196443686023,1.75196618715617,6.95429381149507,21.8596319175454,30.7454532258929,45.9132874732487,3.35081069688273,4.89387948016492,"HPL",24.6029057114415,0.458785819322666,0.194485718169052,0.346728462508282,14.105577948688,5.97955155107078,10.6603237261341,"07-2008",0.911397906267965,1.04318262795969,0.0608102459759965
"91",NA,2008-08-05,NA,3.74350411378795,0.652670042456464,0.324619807263192,1.5321618460791,4.69659868582896,2.48263125306756,4.55280150132273,17.6677699549377,22.515643241139,32.2671584640567,2.32586775167767,2.8492764258511,"HPL",19.6277068157671,0.315808954071255,0.34113556536873,0.343055480560015,7.11064174222561,7.68088668670657,7.72411481220679,"08-2008",0.772094022964821,1.09791231142816,-0.0179699612856574
"92",NA,2008-09-10,NA,0.663539429814199,0.171815692730719,0.0496454524512612,0.340721478979035,1.1087867978165,2.58348832854585,2.04871742625357,6.95407937665456,11.8885134137315,15.2045789133309,0.72055534883292,0.61806568309815,"HPL",7.02605430819425,0.16764042393106,0.221632078836092,0.610727497232848,1.99299542858803,2.63487594215607,7.26064204298736,"09-2008",0.356253476151793,0.934488304556917,-0.28073436179174
"93",NA,2008-10-10,NA,0.452544653988224,0.172025126839889,0.0208803155558516,0.34553983908542,1.09909825804484,2.74781039542289,1.79410616643859,6.89538231760311,10.2686170620093,13.181085572478,0.640071248676723,0.476778813616084,"HPL",6.58512947986466,0.133732129893631,0.232238701669658,0.634029168436711,1.37324403076458,2.38477029442394,6.51060273682077,"10-2008",0.299043510910502,0.897025890484535,-0.337936738263056
"94",NA,2008-11-18,NA,0.566914918870501,0.180810419883946,0.0637254901960784,0.502080365302621,1.57341253007618,2.29719861895217,4.36076039856125,9.56517691819555,13.4700319518451,19.7120798865328,1.03106948845583,0.919526707586794,"HPL",9.64644887765981,0.109293351472105,0.229327637893104,0.66137901063479,1.4721849364535,3.08905060986128,8.90879640553032,"11-2008",0.247254890290897,0.853086286758295,-0.390928332179471
"95",NA,2008-12-10,NA,0.552631974174774,0.0910964004658717,0.128618048655826,0.655216390339816,2.26895151950193,2.6503668458652,4.71950707458058,11.1234476546635,14.1943485425914,21.3406779878698,1.11032182746596,1.35543168881023,"HPL",11.1417396365937,0.0814645681776861,0.286137093448951,0.632398338373362,1.15633647458577,4.06152963537846,8.97648243262715,"12-2008",0.248406779257905,0.852105893623226,-0.445010980189836
"96",NA,2009-01-13,NA,20.0362318703036,0.0198097556834549,0.3798444982894,1.00866721206522,2.93191600163277,0.781213271478511,3.95403021883454,29.4801520084611,54.1545271077304,70.9842076309458,6.27421564369497,6.51205718808358,"HPL",37.2489061724062,0.759190580301944,0.115559730139373,0.125249689558683,41.1136068608952,6.25808253839468,6.78283770844054,"01-2009",1.43328144019684,0.718732494967038,0.391287076406631
"97",NA,2009-02-10,NA,7.85643098285866,0.564821854278731,0.269427573887646,0.583668084358187,1.49776648891026,0.311058971156245,6.25166649287732,17.9242081292847,30.9797214445607,44.5298474738082,2.83610301055966,3.58602399924704,"HPL",20.7237641881382,0.572963791354088,0.109444587102192,0.317591621543719,17.750258653969,3.39056282204088,9.83889996855076,"02-2009",1.05471271926395,0.92550467734357,0.128129070379231
"98",NA,2009-03-03,NA,6.22103812389101,0.966942420400363,0.248776507997262,1.07856078565704,3.31061196119933,0.711573767968938,5.44715175721087,18.0094404284535,27.7070467942531,39.1615751932575,3.16144023452978,2.81073770267938,"HPL",20.9798686531886,0.483084652958992,0.225513297948241,0.291402049092767,13.3848490851203,6.24830749897825,8.07389021015455,"03-2009",0.991023153319806,1.04666251954943,0.109765319668855
"99",NA,2009-04-07,NA,1.96147944899042,0.949164882138274,0.457241550227273,1.16475602295003,3.72989355364354,0.941242699391029,5.75046293607256,14.8843387251645,19.8178383446402,29.6675739037732,1.955038973464,2.18767223897707,"HPL",16.1404191450972,0.254269016807912,0.335739382142516,0.409991601049573,5.0390622711498,6.65362880122977,8.12514727226066,"04-2009",0.643617965211921,1.08017528280309,-0.103740758128964
"100",NA,2009-05-08,NA,4.2764836104201,1.00154404378032,0.656719878687945,1.00660132515141,4.03645177101316,1.15509513041099,9.42799227273197,21.6081693135291,29.4418230002214,44.6727193338374,2.76683020857727,2.93544841691798,"HPL",23.8303091402378,0.312292171646931,0.246435583594107,0.441272244758962,9.1944508419837,7.25551283313395,12.9918593251037,"05-2009",0.670360476341551,1.06962364493908,-0.0750727571106696
"101",0.459638166700312,2009-06-02,NA,3.29481779502784,0.914558493243332,0.532823615565764,1.02137423038012,5.0427917915668,1.08813305880029,6.02517004635776,17.8005980571624,26.0918335115774,38.1852097942355,2.82264432896557,3.15319676141717,"HPL",20.0379574691143,0.296198880330526,0.353405317691562,0.350395801977912,7.72837187189971,9.22099271131435,9.1424689283633,"06-2009",0.745143627806196,1.09544046382859,-0.0364877409159697
"102",NA,2009-07-14,NA,1.41875439598556,0.335206786256973,0.0760305397751916,0.453464318855417,1.99790652156818,1.39183818877619,2.37326908181057,8.01011903556289,11.997819929244,16.3848193949387,1.15643975715328,0.909792421486314,"HPL",8.80873999979427,0.280753577358365,0.311244527358071,0.408001895283564,3.36843086563675,3.7342557932048,4.89513327040249,"07-2009",0.672092231528382,1.08567929866216,-0.0811684408856506
"103",NA,2009-08-11,NA,4.62740210405776,1.69035395315736,0.606013555802498,1.36533693156692,5.30433439671894,1.9943886691188,9.72071524712169,25.4679938006047,32.6916515535874,50.5745840497858,3.69044522506643,4.38236940629704,"HPL",28.0191134390714,0.317927120001287,0.270457548910018,0.411615331088695,10.3935626265176,8.84170394900361,13.4563849780661,"08-2009",0.705652338366173,1.08336130187377,-0.0560819831299695
"104",0.641090462762937,2009-09-15,NA,1.24537813555168,0.660055011617873,0.127675502256127,0.603605550653358,2.66899811230245,3.1533523327034,3.96526190957819,12.5637111264751,19.834082426088,27.0148605621838,1.53412337849206,1.53734114149907,"HPL",13.0809531190144,0.205387230813002,0.281133554508415,0.513479214678583,4.07366726521104,5.576026092859,10.1843890680179,"09-2009",0.491248565588,1.02409374866535,-0.198974714429976
"105",NA,2009-10-07,NA,4.05404250717653,0.408357208408265,0.170221607676902,0.972277411771566,3.86322093630115,1.59098956266877,3.759341486165,15.5175831073869,22.9055433021894,31.5482653509923,2.45050267373081,2.00761123407337,"HPL",16.805890171725,0.374391569543902,0.318264643715665,0.307343786740433,8.57564230816248,7.29002457818503,7.03987641584184,"10-2009",0.86638833225705,1.09479504194819,0.0428508114947059
"106",NA,2009-11-10,NA,0.157129326286697,0.157866875630921,0.0200394415281954,0.203064019026144,0.914974725825519,3.31792462699625,1.40978096977239,6.27194848370977,8.00714476644864,10.3394615143537,0.479930591246665,0.421280182992006,"HPL",5.9665525767652,0.0744390733157065,0.208682309818767,0.716878616865527,0.596044436319146,1.67094946491575,5.74015086521374,"11-2009",0.156901005903761,0.75898118414945,-0.491822334195018
"107",NA,2009-12-08,NA,5.45998478624364,0.291426124964681,0.0503870796282648,0.52379888729911,2.05996451422673,1.4630722847136,3.16642165003686,12.9178590507601,19.7524311047099,27.5447937819072,2.15868121828764,2.4876770884772,"HPL",15.3955342075943,0.526742968152642,0.183801143451311,0.289455888396047,10.4044541883255,3.63051942298891,5.71745749339551,"12-2009",1.03662762921018,1.00785920415155,0.130008178895508
"108",NA,2010-01-07,NA,1.41928698097819,0.544024722796065,0.315811172118639,0.804695254744434,3.6781691031901,2.13894244319223,5.93160629125148,14.9448737299954,21.8504466495669,31.920111388721,1.72191702839033,2.31914549537262,"HPL",15.7410871611142,0.175862662723847,0.326686762537383,0.497450574738769,3.84267772949819,7.13825167594281,10.8695172441259,"01-2010",0.47775263743866,1.01848976793952,-0.22578814623947
"109",NA,2010-02-11,NA,48.1575986714901,0,0.594381008047242,0.436661109208651,1.4047668124871,0.0772058823529412,0.879164656718645,51.4511361196641,107.360807092767,136.519359935208,19.677476614586,8.6063113888697,"HPL",71.1500813338204,0.954351883425388,0.0322348731289473,0.0134132434456645,102.459988455052,3.46076199565673,1.4400566420583,"02-2010",1.74027918943331,0.213138710985787,0.92608736398769
"110",NA,2010-03-09,NA,0.709429910522294,0.398553454650772,0.107180755938214,1.1216929391626,5.207169951098,1.99311802137263,3.84771719791946,13.4419351821539,17.845898507108,26.0432388337425,1.67406046024296,2.51991552873586,"HPL",14.2325392333374,0.109766537037515,0.49674950507805,0.393483957884435,1.95888247944821,8.86494125107901,7.02207477658078,"03-2010",0.515623128606662,0.957086945470012,-0.277228534003848
"111",NA,2010-04-07,NA,2.11933868844002,0.543143679295136,0.0865775726585477,0.969654418512107,3.67050073502537,1.98362843382654,2.77972025053969,12.111628054485,18.123044757354,24.6136631734524,1.72305514504728,2.04527376918754,"HPL",13.3203995681991,0.281830895483725,0.379332579153235,0.33883652536304,5.10763393285671,6.87466130991661,6.14074951458069,"04-2010",0.742334919574266,1.09132876529015,-0.0400008095033611
"112",NA,2010-05-11,NA,7.27337614649277,0.434213166522914,0.279779126491851,0.969310898747962,3.29919388013875,0.882451257467557,4.19073507539684,17.3189102087668,26.0637616980335,38.1460777478673,3.39744875895244,4.46090817979567,"HPL",20.5563539571581,0.528678429744968,0.228498814917394,0.242822755337639,13.7793486077634,5.95553866029001,6.3288744299801,"05-2010",1.08519622386091,1.01797889730675,0.168951104307721
"113",NA,2010-06-08,NA,0.547466274674132,0.251653867161824,0.076226467389313,0.472721265360557,1.83640036026175,1.93008864612889,2.30835630897817,7.46459595511409,10.7708275525392,15.0789932968971,0.890720617023107,1.11102656193466,"HPL",7.6614922885697,0.147067876276496,0.331974070461021,0.520958053262482,1.58404273389232,3.57563546485017,5.61114935379675,"06-2010",0.425450372467595,0.987685289718678,-0.274642467460285
"114",NA,2010-08-04,NA,0.992787573366836,0.318671554256517,0.195073817151746,0.677701570036933,2.5764533647138,2.48092993295823,4.10133909261333,11.3642056910614,15.0718265156409,21.9979940679864,1.29733417652671,1.56478916357725,"HPL",11.751445208823,0.157355741110088,0.308586352448621,0.534057906441291,2.37163843125134,4.65095996920003,8.04922811518952,"08-2010",0.422638384122378,0.988799364830191,-0.265352878106788
"115",NA,2010-09-15,NA,0.64096818329855,0.37225425578644,0.103877759074803,0.419377429080862,1.84737085325677,3.93252507620334,3.85290930541175,11.3071991663405,15.5356594284591,21.5427775268853,1.06852862147236,1.0469989691823,"HPL",11.2573233423699,0.126907933232473,0.226987327408626,0.6461047393589,1.97159842946933,3.52639781319655,10.0376631857932,"09-2010",0.280143743327155,0.88078033279606,-0.353407077643702
"116",NA,2010-10-05,NA,0.96024074041255,0.252026603324148,0.00784057546010024,0.429545241585268,1.44186766499391,4.51128718255651,2.17575474330574,9.536794935554,12.417717079399,15.9526374009125,0.979515765256025,0.625985538286018,"HPL",9.7727333367793,0.174904696134076,0.20324069489322,0.621854608972703,2.17191703245122,2.52378544820447,7.72201459874334,"10-2010",0.352390636614955,0.924196650821422,-0.275443693608563
"117",NA,2010-11-09,NA,1.14694158257836,0.620289291196151,0.217075042073696,0.918357896334544,3.40331132313578,3.31654275586788,3.55476665016755,13.1933196089817,15.8836873885133,22.7673216938719,1.46920466978095,1.84990834834076,"HPL",13.7082122880814,0.181773923517988,0.34824932449393,0.469976751988081,2.88724017654325,5.53148340352252,7.46496380844753,"11-2010",0.511137720983488,1.03213544702754,-0.206272397066849
"118",NA,2010-12-08,NA,4.81039537241503,0.369361645818538,0.392001365885067,1.12556425569058,3.92301028800232,1.55926166445263,5.72002920147219,18.2779696517524,23.374358859915,35.3878377974718,2.53455576711352,3.57847291427645,"HPL",20.0330232954112,0.364570903153808,0.28010606746866,0.355323029377532,8.52161112020043,6.54729973985204,8.30544799986256,"12-2010",0.808588423229858,1.09198651436125,0.00557932400765199
"119",NA,2011-01-11,NA,33.3588169095682,0.404357442038169,0.228664821059696,0.742951489533935,2.2422151794802,0.477008133358213,3.42912194349431,40.8614349702169,88.0276434436372,115.149469082075,10.2505690456399,13.4015181537855,"NGSFC",54.7245611852949,0.869921563638911,0.0592941290278355,0.070784307333253,76.5771452279375,5.21952244836332,6.23097576733643,"01-2011",1.59847780575924,0.476191143597352,0.544771554845882
"120",NA,2011-02-08,NA,30.3943925151278,0.675375646287566,0.278149349871968,NA,1.58046002261093,NA,NA,34.3413381511232,68.352949136723,86.3247119173291,11.9687385915036,5.0015935332851,"NGSFC",NA,NA,NA,NA,NA,NA,NA,"02-2011",NA,NA,NA
"121",NA,2011-03-15,NA,1.44932772137749,0.55275217180871,0.403983020992565,0.709488258978514,2.46498441546127,0.703735214549576,4.37848103630917,10.598213209528,15.8691975836652,23.2370720620804,1.67333562394082,1.48469047978611,"NGSFC",11.4716516914513,0.246079006347116,0.315668659428738,0.438252334224146,3.9050763729144,5.00940832744537,6.95471288330547,"03-2011",0.607167221576552,1.07055444256242,-0.125324836723532
"122",NA,2011-04-12,NA,2.69989075609678,0.530387766698743,0.092211740089261,NA,1.42561858454021,0.172919865321067,NA,7.35308362168431,9.42441776845809,13.9760719208391,1.34218665739613,1.23460550366443,"NGSFC",NA,NA,NA,NA,NA,NA,NA,"04-2011",NA,NA,NA
"123",0.895479543864626,2011-05-10,NA,11.8063487834557,0.927896454334323,0.520799839915713,1.3077032639362,3.32067912332154,2.13976002546944,10.023455917389,28.922603050516,36.9002394311097,55.1377187782282,4.13395950430754,4.5603527676101,"NGSFC",34.9066084166959,0.514380703245173,0.142879493573485,0.342739803181343,18.9807711084894,5.27228752265728,12.647180799963,"05-2011",0.970981449517412,0.986964483482325,0.0881600624319332
"124",NA,2011-06-09,NA,0.458699581488657,0.374561777030003,0.0430682460907631,0.383653081999079,1.46697006994457,2.76291097939253,2.45532327483202,7.95513439116375,10.3915236167227,14.1625276628104,0.781729372815447,0.485239852718133,"NGSFC",8.05404998055296,0.14587673510199,0.251199274907508,0.602923989990502,1.51588153794273,2.610343197705,6.265298881075,"06-2011",0.34229329456507,0.932903648365455,-0.308138264908407
"125",NA,2011-07-07,NA,1.22078959980181,0.386177763235863,0.198584822772187,0.863432102781639,3.24566129550674,1.43026347411526,4.58579580450917,12.2151886767798,13.9997497457486,22.1546129569001,1.58023154988675,1.76189733443342,"NGSFC",12.670846307107,0.178821834545672,0.358566575965974,0.462611589488354,2.50346093271507,5.01984233071359,6.47644648231992,"07-2011",0.5155507945109,1.0321904867999,-0.206397981312907
"126",NA,2011-08-09,NA,0.519478493789399,0.447957846034279,0.205110518208312,0.581088032267999,2.22855055597477,2.55865545196994,3.61155971322564,10.0793839496244,13.2844391967138,19.0090313326383,1.12332379302166,0.981862629208601,"NGSFC",10.3689105665102,0.131555309538222,0.304439536637762,0.564005153824016,1.74763851056538,4.04430851354007,7.49249217260837,"08-2011",0.366890705167787,0.951903181166071,-0.31608734587689
"127",NA,2011-09-06,NA,0.637799163120192,0.24444040440424,0.133768829655613,0.874151565738882,2.69169404323468,2.53739070754814,3.70536150268049,10.8305400922041,13.0871222058308,19.3344403440917,1.16857821844832,1.36226681977835,"NGSFC",10.9731946971182,0.113363320759828,0.346723619303795,0.539913059936377,1.48359963244267,4.53761437747673,7.06590819591144,"09-2011",0.372790810277032,0.946842792657042,-0.338925636743002
"128",NA,2011-10-04,NA,0.775317607933267,0.345315817304391,0.0887530408587881,0.642694407305711,2.57095803563714,2.22961820402411,4.54629483744687,11.1620872909114,13.6756031671267,20.5963518025182,1.20913827427312,1.27634447295575,"NGSFC",11.6326341431986,0.135832788183144,0.304600963867083,0.559566247949773,1.85759530827704,4.16560190617052,7.65240595267911,"10-2011",0.375607089686952,0.958142812353304,-0.307423447682927
"129",NA,2011-11-18,NA,0.606952195102063,0.274175462683498,0.0465269257425419,NA,1.438305429064,2.45897303124256,2.53988835862956,7.80383300110924,9.13706840187358,13.2119984401434,0.781663609006953,0.771312002619265,"NGSFC",NA,NA,NA,NA,NA,NA,NA,"11-2011",NA,NA,NA
"130",NA,2012-01-10,NA,39.6527010632816,0.398880719787231,1.04674245979472,0.770056104620848,1.21728579231294,0.427964249203023,1.6388049083687,45.1529514407255,87.4481990980617,110.771165933544,13.710549978944,7.88062308025088,"NGSFC",60.9394905946257,0.926701712848048,0.0400974482209908,0.0332008389309611,81.038395889651,3.50644963535342,2.90335357305737,"01-2012",1.69284142337067,0.31256979387859,0.722895453992717
"131",0.189599964675221,2012-02-07,NA,11.2060013546942,0.401151234554372,0.245465104248817,0.468246270660223,1.5047943844621,NA,0.82289423539614,15.1363958631637,26.1432444155636,34.610570701879,3.9200926260743,3.40917425120183,"NGSFC",NA,NA,NA,NA,NA,NA,NA,"02-2012",NA,NA,NA
"132",NA,2012-03-16,NA,105.833561331327,1.34157347029141,1.02636566827165,0.715765893510451,1.59475480179712,NA,2.11020701103478,113.221989427056,245.875661698788,295.248239612723,37.3875680365778,9.6201648717738,"NGSFC",NA,NA,NA,NA,NA,NA,NA,"03-2012",NA,NA,NA
"133",0.609354024319784,2012-04-10,NA,4.23378454282209,0.633781218122269,0.474814995932384,0.998579029168413,3.43158121569794,1.21341893788247,7.38662792934098,18.5921411712071,23.9127558138045,37.2823756139895,2.54418435511147,2.99197794530232,"NGSFC",20.3598020198496,0.337098942133144,0.245213573139727,0.417687484727129,8.06096468832167,5.86373229672078,9.98805882876203,"04-2012",0.718752006859596,1.07588301435362,-0.0465470364727663
"134",NA,2012-05-15,NA,0.625341888817955,0.311567095125706,0.0973336227712804,0.544833922147625,2.25866782975014,2.25026321767043,2.8492764616526,8.95516492738695,13.4147402947979,18.3160428446826,0.960044837891451,1.05339485489907,"NGSFC",9.25163745102337,0.142790038450376,0.336978205933941,0.520231755615683,1.915491282496,4.52047511761076,6.97877389469118,"05-2012",0.421898832288274,0.984428850624567,-0.280749474010039
"135",0.604977918869163,2012-07-26,NA,1.83021703627145,0.382284567157058,0.288845437173838,0.512167611226754,2.05803883805133,1.4477878332517,3.21751446945766,9.82803560570244,15.9985936213838,22.3760990811846,1.37854239765752,1.78651597407708,"NGSFC",10.5806896621417,0.294841580317432,0.28034800615808,0.424810413524487,4.71705062618519,4.48517382308833,6.79636917211028,"07-2012",0.669371716246526,1.08030564377396,-0.0793032119557598
"136",NA,2012-08-14,NA,2.219376809989,0.578720794518761,0.394090967260405,0.700124148354696,3.0724416552964,1.79988210191339,3.8188948759143,12.6505892147758,19.0824942508118,26.9985321214998,1.82846501992445,2.21391793396874,"NGSFC",13.7337989891817,0.28727066891424,0.319175993325645,0.393553337760115,5.48184088798283,6.09067405763376,7.50997930519519,"08-2012",0.693057880607706,1.08982816281924,-0.0683561571913899
"137",NA,2012-09-11,NA,1.72082815258769,0.462592510387429,0.148504898751634,0.727875166842909,2.62410987974031,1.7085933715291,4.2979393790645,11.7924004703973,17.780450737844,25.544233368074,1.50190558997824,1.91971416224981,"NGSFC",12.5654110020813,0.245007754564096,0.29258722968212,0.462405015753784,4.35634831041668,5.20233282388518,8.22176960354214,"09-2012",0.581943288263893,1.06084194114444,-0.137921353074944
"138",NA,2012-10-10,NA,1.7245900240131,0.437434079841571,0.321552000299662,0.887972306503822,4.5649901039949,2.00514308792442,4.4574032004475,14.3695334598212,19.0347739205177,27.9903675059072,1.8708370897921,2.6583052374052,"NGSFC",15.5761132140317,0.195713394256077,0.404546298100426,0.399740307643497,3.72536021288158,7.70044732472396,7.60896638291216,"10-2012",0.595313636066162,1.05187682705055,-0.155078696697792
"139",NA,2012-11-08,NA,0.348276207841148,0.23995251752495,0.0564352142226692,0.399921414535818,1.46153142661282,2.03057546466551,1.87626057262895,6.29406473262589,8.09265548350359,11.6484729932144,0.722169050054954,0.925010959584267,"NGSFC",6.5006991161532,0.12758666228764,0.312270803362556,0.560142534349804,1.03251490218399,2.52710002917006,4.53304055214954,"11-2012",0.366784677391418,0.950781362153862,-0.321246637865414
"140",NA,2012-12-04,NA,0.703195720986732,0.287726791517969,0.102130128413391,0.687021241311263,2.60459716695163,2.12345653821372,5.24572777858064,11.8615221007098,14.7172976193009,23.0637846233743,1.22435175859817,1.69050269753066,"NGSFC",12.1311323353974,0.115174800175474,0.297546330691916,0.587278869132611,1.69506181242596,4.37907790432384,8.64315790255109,"12-2012",0.327236480496445,0.92219149533586,-0.353743453672894
"141",0.625568096181454,2013-03-05,NA,5.25621916577815,0.971272115159841,0.57447844637446,1.22214298364404,3.89633106173934,0.670372665914731,6.16096396479444,18.380383792087,25.2664366611144,38.1057063448381,3.04810407009501,4.00774312841897,"NGSFC",21.3006343637607,0.412230103393611,0.268573107392612,0.319196789213777,10.4155857971993,6.78588540681409,8.06496545710097,"03-2013",0.892373863633415,1.08288822790547,0.0555405945548672
"142",0.602699557535188,2013-04-09,NA,9.66336266930365,0.380203369726721,0.232153521818828,0.829129017932674,3.90464620303347,0.719843130279127,4.73724308357516,20.6929631752464,31.473958429641,44.5615727182589,4.44212011648047,3.65859035963842,"NGSFC",24.953496668704,0.567512773983042,0.215937189835932,0.216550036181026,17.8618734566325,6.79639813630963,6.81568683669886,"04-2013",1.1503032872556,0.983780194206101,0.209208690379115
"143",0.47418842873205,2013-05-09,NA,2.36121486993093,0.731394194023447,0.421326979132857,1.08824689205269,4.54621196193417,1.66633212814839,6.31757909433556,17.2098931161475,24.0215700720448,35.4521901718754,2.26683287145557,2.81382356260736,"NGSFC",18.5817510870167,0.234669959776958,0.344820666327376,0.420509373895666,5.63714088258614,8.28313379847224,10.1012953909864,"05-2013",0.613501135334874,1.07159537233204,-0.126659091268365
"144",0.425706786862509,2013-06-11,NA,1.62084966391363,0.674095149613184,0.235278326267673,1.24990161028954,6.4068047436322,3.57481061260476,5.59748067460641,19.2188625919694,23.7442345628693,34.4550593249188,2.27628547868902,3.05350896229161,"NGSFC",20.6789393790402,0.15648153552559,0.421456556548953,0.422061907925456,3.71553428427758,10.0071633367575,10.0215369418342,"06-2013",0.533760177053716,1.01847135950996,-0.215456529355425
"145",NA,2013-07-11,NA,2.43894944293552,0.363777977926856,0.196982003767956,1.09037224266241,3.77059566755079,3.16937011012251,4.81025336342837,15.998141298111,19.0189518749382,27.9017609754191,1.7954096837867,2.25772151112143,"NGSFC",16.8243358401661,0.234888657772831,0.314334903631472,0.450776438595697,4.46733607815031,5.9783204047803,8.57329539200759,"07-2013",0.583452768630716,1.063219933173,-0.141549580918442
"146",0.258576802358557,2013-08-13,NA,0.863444941670145,0.477927868980614,0.0567180084061369,0.67982449512245,2.41623950268324,1.47335420564235,2.15545644730856,8.06799878883708,12.1124321208418,16.679081369053,1.08685313301431,1.33633748901738,"NGSFC",8.67602483839589,0.217995648726988,0.385037342442866,0.396967008830146,2.64045749784451,4.66373867432853,4.80823594866874,"08-2013",0.620369189350424,1.06631250275252,-0.130153294931931
"147",NA,2013-09-11,NA,0.257526126531199,0.23669039346928,0.0482382736015776,0.352319164507611,2.06328145737986,4.2975762128635,1.37003492081941,8.45595911521914,11.2226532434523,14.1021618572639,0.734605878054476,0.780490034502664,"NGSFC",8.54911822890192,0.0815107797719837,0.324316736343364,0.594172483884652,0.914767216984378,3.63969427302971,6.66819175343819,"09-2013",0.286678845340913,0.878858694677362,-0.43134874396704
"148",NA,2013-10-08,NA,1.56399185836749,0.644752548962723,0.151097585949758,1.85433277417615,6.40873605023576,2.83718753178552,4.96492676847482,18.5487538528026,22.1479730691044,32.5144518192013,2.19470019075734,3.20058027682749,"NGSFC",19.4476567341616,0.160139067493154,0.456547024029611,0.383313908477235,3.54675575414986,10.1115911929876,8.48962612196694,"10-2013",0.576165708469501,1.01885074855398,-0.189528641301534
"149",0.289084828027797,2013-11-13,NA,2.49766996101271,0.536958181652369,0.163046052823578,1.0492214727795,4.05195427629597,3.72419545026775,5.23886936893846,17.2132540776858,21.9013696311061,31.2369557523865,1.78710080379172,2.39997929716133,"NGSFC",18.3839289090787,0.232748162937287,0.305214250218945,0.462037586843767,5.09750354745044,6.68461011072604,10.1192559729297,"11-2013",0.570051125547101,1.05825361378966,-0.148895522557556
"150",NA,2013-12-04,NA,1.06455893386914,0.519362651607427,0.163411364168481,0.996194228710433,2.71639463488225,3.8849898949083,5.07435065753172,14.5080367654551,17.0226061405337,25.6195628775528,1.57138896182937,1.9831062233863,"NGSFC",14.5960508941003,0.153009156498945,0.266958235013086,0.580032608487969,2.60461460697683,4.5443248905998,9.87366664295709,"12-2013",0.372317097464558,0.955726382147686,-0.289367494288402
"151",NA,2014-01-14,NA,15.8589671122691,0.596314088524494,0.211347538972886,NA,1.62770319325973,NA,1.53514523460973,20.9782025671114,34.4094989515239,46.0301445690738,5.2110818925094,4.49866750847254,"NGSFC",NA,NA,NA,NA,NA,NA,NA,"01-2014",NA,NA,NA
"152",NA,2014-02-04,NA,67.2475712292683,2.38985491890341,0.59873333946492,NA,1.7034463886947,0.176182405172102,2.03730263207663,74.1855066835889,141.382107125402,172.891158760323,23.265436517339,6.02746054262918,"NGSFC",NA,NA,NA,NA,NA,NA,NA,"02-2014",NA,NA,NA
"153",NA,2014-04-01,NA,24.6049499989447,1.20029538144875,0.957574457573349,2.36407247488774,4.65192009694623,0.613427431096223,3.46086017158387,37.9243490684776,67.3793630083544,88.5481026540009,10.4898003589989,7.21071501655769,"NGSFC",47.7183209142736,0.762503694371842,0.153188721309133,0.0843075843190258,51.3770132182916,10.3217584618737,5.68059132818909,"04-2014",1.4775366595064,0.702662855703958,0.478187653322746
"154",NA,2014-05-06,NA,138.359733464336,1.56398126307328,0.744232732988018,NA,2.29082141819367,0.768324054840268,2.1972748510594,146.137526296054,281.315324479697,334.18803053981,39.1470004232126,11.6423955918076,"NGSFC",NA,NA,NA,NA,NA,NA,NA,"05-2014",NA,NA,NA
"155",1.09320124100983,2014-06-13,NA,16.2425656877929,0.87550902048431,0.292450665305685,0.801480585338912,3.25812089688898,0.896149856342965,4.32181368517826,26.8710989132211,49.7804914790987,68.6594905753386,6.15052158898129,8.01847667617295,"NGSFC",33.8660081802568,0.712705353704541,0.135646401508257,0.151648244787203,35.4788227871969,6.75254453445218,7.54912415744961,"06-2014",1.36039765837092,0.798403151190289,0.336036316548456
"156",NA,2014-09-03,NA,0.539415880211319,0.269788916864279,0.103354902497079,0.419468970270783,1.7721088543492,2.41665382335639,3.97136913484596,9.46491235857526,14.0926736393256,20.1308598591396,1.09658242841821,1.06002368525489,"NGSFC",9.68978920427401,0.117750627988205,0.253814120644823,0.628435251366972,1.65942117106341,3.5769195672999,8.85633290096229,"09-2014",0.288655926074814,0.891830709347284,-0.363648653161049
"157",NA,2014-10-07,NA,1.32891961662604,0.3412677049473,0.0266693099037915,0.404406415027722,1.73747159566482,2.16780561254717,4.18954408868938,10.1313776250574,12.1713088650565,18.8430121974454,0.892335566114462,1.23175265704879,"NGSFC",10.8148492374815,0.217752838870531,0.218600620848492,0.563646540280977,2.65033705813612,2.66065567444011,6.8603161324803,"10-2014",0.453446848043136,0.987479740561511,-0.2065215099677
"158",NA,2014-11-12,NA,0.960107073573786,0.393820121294671,0.194583126237222,0.842758965638357,2.73047042194003,1.89562834308849,6.41019075374514,13.6905523932464,17.7307552382194,27.7905867618171,1.40230116928584,1.92721559835613,"NGSFC",13.8929833306828,0.137410180328108,0.279235413823025,0.583354405848867,2.43638627463727,4.95105477633896,10.3433141872432,"11-2014",0.353396323932822,0.943355187681506,-0.313956786359276
"159",NA,2014-12-09,NA,22.0497738619397,5.67054926932575,0.506671365720524,1.04788264310421,4.13515995179185,0.940582662195372,7.92647707320226,42.0590574407101,70.7209173521367,96.5241917495166,8.83892292033479,8.851898793062,"NGSFC",53.822713431801,0.726192589019316,0.110035605893388,0.163771805087296,51.3570060697692,7.7818189901786,11.5820922921889,"12-2014",1.3617613333856,0.771490552656694,0.323406338341191
"160",0.525670491748864,2015-02-15,NA,2.49828788152447,0.545785903061624,0.585190646640282,1.25086406735331,4.55357874799576,1.62154493709659,4.31331827982246,15.3454859181952,26.6697263764704,36.9538562928097,2.59481298779961,3.44497443938162,"NGSFC",16.6150859663026,0.258328126918596,0.395541848825891,0.346130024255513,6.88954046026506,10.5489928786297,9.23119303757558,"02-2015",0.711538652116664,1.08374150169471,-0.063533788910327
"161",NA,2015-03-10,NA,13.1114134891974,0.47539229580886,0.311615589317704,0.390021391649423,1.40479556660419,0.773460573430342,1.19704920853731,17.4830221826342,32.8420082689147,41.1489571411703,3.71682601380374,3.4156520872353,"NGSFC",23.1391591608869,0.827921015783557,0.091082272938325,0.0809967112781181,27.1905888463718,2.99132476099201,2.66009466155085,"03-2015",1.54626485395902,0.578147775959729,0.504760760633482
"162",NA,2015-04-14,NA,25.9607995425636,0.757026639169456,0.26645919711227,0.785236563477681,2.51852396020204,0.418954010269415,5.32429597640959,36.1147574429217,62.3763481194605,84.2915740541951,9.71903338249519,6.79490509262166,"NGSFC",47.0432080461902,0.800798595182,0.0772318448472687,0.121969559970731,49.9508919466473,4.81744044010139,7.60801573271175,"04-2015",1.47816958466485,0.632302407873887,0.408635922792341
"163",NA,2015-07-29,NA,1.05055888033988,0.848799316362878,0.048328353098226,0.574978406901049,4.2197692114147,1.61596841769104,3.2392428094884,11.1461686621919,18.5644283256789,25.8863427660992,1.98097239252324,2.36956477751632,"NGSFC",12.9288094869194,0.207141659876759,0.432317171849885,0.360541168273356,3.84546649804425,8.02572115076739,6.69324067686724,"07-2015",0.645941041056985,1.05645907310422,-0.120343704812655
"164",0.753574644439487,2015-08-17,NA,3.87912222383268,0.65221784183673,0.47561787732697,0.761289929322889,2.86173305530283,1.5774786434632,5.85118761919059,16.1276817723892,24.4698122836147,35.9672181454332,2.65512783221734,3.03113728698555,"NGSFC",17.8417438032485,0.358103421002524,0.234630831383847,0.40726574761363,8.76272349005201,5.74137239991119,9.96571639365153,"08-2015",0.750178222842476,1.073745025001,-0.0279347080670711
"165",0.765327951186674,2015-09-10,NA,2.06365200726644,0.722225342300934,0.443326326999935,1.11950377815984,6.65487787601667,4.82968654417778,5.53379374380986,21.3505190431679,28.3187334242509,40.3741195460399,2.8732203088911,3.68700627788124,"NGSFC",22.7802661932279,0.172433764801999,0.399886328975608,0.427679906222392,4.8831058187678,11.3242743502626,12.1113532552205,"09-2015",0.544094408033189,1.03288274166778,-0.197248267894855
"166",0.405900048551724,2015-11-16,NA,5.15382859922613,0.38466445054066,0.194565959686227,0.614236839323288,3.22081737648988,1.4167564729309,4.37064298463479,15.7107826725067,26.2255927078156,36.4569461340815,2.79250014066839,3.1741372468655,"NGSFC",17.8641957190899,0.437146755609382,0.247543220375237,0.315310024015381,11.4644327661547,6.49196767514201,8.26919226651895,"11-2015",0.921177281047583,1.07127588631921,0.0709447409495253
"167",0.623727373466722,2015-12-09,NA,2.16536858391829,0.498673606790094,0.481457830811518,0.493024928203822,2.01333538486372,1.79179838936363,5.22125317462916,12.5335709102937,19.8475336914209,28.8403110165546,1.96900165733563,1.92219249967872,"NGSFC",13.5890811722622,0.27642041733963,0.222117251628184,0.501462331032186,5.48626354614493,4.40847963513618,9.95279051013976,"12-2015",0.574298635761026,1.03573952375614,-0.129334098404866
"168",NA,2016-01-12,NA,21.3672439092981,0.908809362434107,0.658587300516064,0.731654241893991,3.46706416611918,0.596427980211373,9.01835971432524,36.4340341954322,67.4641241693011,91.7787634939347,9.21078552286623,6.30022617844842,"NGSFC",46.0851093435366,0.681548455901571,0.109675401185801,0.208776142912627,45.9800696563391,7.3991548839168,14.0848996290453,"01-2016",1.27211286244253,0.830751632964664,0.256907934183625
"169",NA,2016-02-04,NA,12.0860517127802,0.667931397532711,0.375652306327107,0.587300785103215,2.41217894002205,0.455267960257124,3.4757681260719,19.7425782810398,33.9282551448944,47.0964538766236,4.81552861689247,5.27939246880319,"NGSFC",25.3795863511054,0.708566165608842,0.137686007331566,0.153747827059593,24.0404136538163,4.67144598662716,5.21639550445097,"02-2016",1.35415888800283,0.804994235472553,0.331785712084179
"170",2.25908772471224,2016-05-10,NA,3.20969750071373,0.75018356207349,0.455154289357515,1.90680454813998,6.10989508365475,3.10244516665583,9.39887612256588,24.7235686687369,33.8775087088086,51.156786516609,3.43981940031294,4.64191894877376,"NGSFC",26.4444409473506,0.21113822408446,0.328993187605151,0.459868588310389,7.15283702518368,11.1454695782322,15.5792021053927,"05-2016",0.550610185227653,1.05135140772255,-0.169033440719788
"171",NA,2016-06-07,NA,1.23271640989488,1.34595704112959,0.229249653162159,0.589743359216433,2.03695988173911,3.8909605226926,4.08681955690042,13.4613749436247,16.1884663040525,23.7957577705013,1.91411261063942,1.52072337818661,"NGSFC",14.0407423853613,0.258955649648218,0.2087424537101,0.532301896641682,4.19209480857419,3.37922017811119,8.61715131736709,"06-2016",0.525994302460118,1.01254181587616,-0.156466311563049
"172",NA,2016-09-20,NA,1.39268147338719,0.428575416683744,0.095607820144932,0.30087086482828,1.47418518879451,3.70548056913306,2.20667324991991,9.55480362468691,14.1356524838593,19.198333019029,1.31299732036733,1.5787640745435,"NGSFC",10.0183101714194,0.256327880756378,0.203116558554063,0.540555560689559,3.62336184429629,2.8711850854377,7.64110555412533,"09-2016",0.515112869520401,1.00522836999172,-0.162022246185826
"173",NA,2016-12-21,NA,8.9031661971914,0.545060820893271,0.318183634922071,0.546385026618137,1.98187634732668,1.16146953431463,2.31062987147737,16.0444491095854,26.7023182986526,35.4683251530019,3.13618529533248,3.03472814967207,"NGSFC",19.5537279665766,0.681302313209575,0.148264714857954,0.170432971932471,18.1923512249304,3.95901160859605,4.55095546512617,"12-2016",1.31020989073069,0.84601669112186,0.30089312319975
"174",NA,2017-01-12,NA,22.1967268210957,0.470505882636378,0.255471533571534,0.257740199636352,0.90010005294225,0.251464028036561,1.12284341332154,25.2458863511678,49.7298650165985,64.0856684726121,7.3405424286674,5.98789306949105,"NGSFC",34.6977480810808,0.921120242085369,0.0399627968366156,0.0389169610780152,45.807185302962,1.98734449237065,1.93533522126591,"01-2017",1.68154383046094,0.330693138252472,0.687088703115705
