"","date","source","Pras","Lut","Fuco","Perid","Allo","But_fuco","Hex_fuco","Zea","Tot_Chl_b","DP","Tot_Chl_a","TChl","Chl_c1c2","Chl_c3","DP2","micro","nano","pico","time_month"
"1",1995-12-13,"BBRS",0.00466522495254627,NA,0.0153857422417221,0.00482038571822202,NA,0.00642241681151046,0.0198971960667781,0.00697179579978698,0.0497301652564092,NA,0.126895702759808,NA,0.0059987057761294,NA,NA,NA,NA,NA,"12-1995"
"2",1996-01-12,"BBRS",0.00697737448848277,NA,0.256729513481974,0.056359275902602,0.00431944444444444,0.00850803405534757,0.0198255674568308,0.00564953722172724,0.0518652946995098,NA,0.43383381618314,NA,0.0959438580922149,0.040146023823449,0.529445691945656,0.83380637475763,0.0580757379349297,0.10811788730744,"01-1996"
"3",1996-02-13,"BBRS",NA,NA,0.212203440072087,0.012839046613875,0.00489230085873066,0.00381456325713268,0.0220545424163322,0.00578318289218057,0.0374790557562894,NA,0.277913990569162,NA,0.0337768179510009,0.00811471067729489,0.392417036352311,0.808603798593308,0.0822587796494035,0.109137421757289,"02-1996"
"4",1996-03-13,"BBRS",NA,NA,0.291231160512804,0.0426083033858983,0.00669492059504193,0.00157950581395349,0.0184434874411931,0.00710053272923652,0.0248456150124474,NA,0.27980936239713,NA,0.123460909203288,NA,0.52990718184911,0.888294516889951,0.0528262484470253,0.0588792346630237,"03-1996"
"5",1996-04-16,"BBRS",NA,NA,1.24772606298099,0.0330423175541298,NA,0.031331991477546,0.218870111903701,0.0165980419821924,0.0848999838227485,NA,2.24337491449127,NA,0.072257970034352,0.0171372150593727,NA,NA,NA,NA,"04-1996"
"6",1996-05-09,"BBRS",NA,NA,0.253971614936667,NA,NA,NA,0.0443977407530118,0.0114552151641775,0.0341812968887695,NA,0.484160448387978,NA,0.0394541550017487,0.00729381366821696,NA,NA,NA,NA,"05-1996"
"7",1996-06-12,"BBRS",NA,0.00145942750645348,0.0773573647066889,NA,0.00618667906702262,0.00773655902369106,0.0322324317964147,0.0019016393442623,0.100956691066583,NA,0.255530169231217,NA,0.018409327283478,0.00330242816594719,NA,NA,NA,NA,"06-1996"
"8",1996-07-10,"BBRS",0.0151114617040117,NA,0.0207548278467627,0.00470984450936412,NA,0.00901406884226952,0.0381113694898087,0.0196797492488921,0.0129060963009961,NA,0.223102706225805,NA,0.00849688119967119,0.00210271713375974,NA,NA,NA,NA,"07-1996"
"9",1996-08-06,"BBRS",NA,0.00142066936413157,0.0207956048210724,0.00296642495812309,NA,0.0123492803095605,0.0455266520845121,0.016055088840646,0.142497603977344,NA,0.235103962441619,NA,0.0125954074253679,0.00699488812344532,NA,NA,NA,NA,"08-1996"
"10",1996-09-10,"BBRS",0.0159126535695008,NA,0.032177945706296,0.00494744907607102,0.0015,0.0233689543371842,0.0694642272402853,0.0216690017224209,0.0131974524794623,NA,0.317380380976815,NA,0.0133124654220181,0.00871771765420969,0.181610277741853,0.288237027628717,0.535755485994467,0.176007486376815,"09-1996"
"11",1996-10-09,"BBRS",0.0113710007823118,NA,0.049815559383618,0.00910624839590596,NA,0.0118615612116963,0.0386359861547232,0.0229167187024399,0.00955661925439806,NA,0.298575336589526,NA,0.0152253040942007,NA,NA,NA,NA,NA,"10-1996"
"12",1996-11-10,"BBRS",0.0260782530739936,NA,0.130467016099394,0.00824779886884349,0.004,0.0100057586884797,0.0403053755877982,0.0144239834719594,0.0336357260006136,NA,0.396859256180502,NA,0.01667210705368,0.00886486904266133,0.299054440689191,0.654021015887505,0.190901169719815,0.155077814392679,"11-1996"
"13",1996-12-11,"BBRS",0.00886518697424328,0.0025,0.0134517970580238,0.00445174589837463,0.0022130834799647,0.008508032827055,0.0326834403603464,0.0176086207449825,0.0815582222677724,NA,0.184717333298802,NA,0.00791457772336854,0.00252522486326748,0.168574844734745,0.149749481354965,0.271770268613781,0.578480250031254,"12-1996"
"14",1997-01-07,"BBRS",0.0689428322151539,NA,0.458316222523555,0.02969956959849,NA,0.00609697349313407,0.0220659755610868,0.0160339055261746,0.0550990108614022,NA,1.07851213247592,NA,0.164297813858195,0.015150431682731,NA,NA,NA,NA,"01-1997"
"15",1997-03-13,"BBRS",0.0180423975910799,NA,0.316868425377859,NA,NA,NA,NA,NA,0.912040469553098,NA,0.527424115597578,NA,0.320520385891999,NA,NA,NA,NA,NA,"03-1997"
"16",1997-04-15,"BBRS",0.0299406917063064,NA,0.260326270932551,0.040127388315629,NA,0.00760158422322649,0.0543897857861923,0.028303744129616,0.089324867829767,NA,0.631539441739356,NA,0.215999568654811,0.0122644415171591,NA,NA,NA,NA,"04-1997"
"17",1997-05-10,"BBRS",0.00918516776750765,NA,0.1224528020833,0.0114306647908294,NA,0.00507989233459186,0.0165733068169581,0.00909343637978504,0.0484171468833712,NA,0.277538390224285,NA,0.100673887945185,0.010707537904974,NA,NA,NA,NA,"05-1997"
"18",1997-06-17,"BBRS",0.00681655963625348,NA,0.0279114179791084,0.00544057373035833,NA,0.0111141168477835,0.042123415756223,0.0124180533990512,0.241035813092319,NA,0.214887351641543,NA,0.0451471642280368,0.00714561377575742,NA,NA,NA,NA,"06-1997"
"19",1997-08-17,"BBRS",0.0107047355234056,NA,0.0285889839760482,0.00826501028913288,NA,0.0152726865974515,0.0501363780727302,0.0244833581232033,0.232894705841528,NA,0.242221199464832,NA,0.0576949848445292,0.0065631078481457,NA,NA,NA,NA,"08-1997"
"20",1997-09-17,"BBRS",0.00322727272727273,NA,0.012996727878749,0.00557029960775187,0.00346341463414634,0.00915744097840956,0.0343422531262136,0.0290096811900032,0.145971047332042,NA,0.164964372170956,NA,0.030602957532162,0.00398205338656855,0.247456406977954,0.105794426887878,0.1976017319187,0.696603841193422,"09-1997"
"21",1997-10-14,"BBRS",0.00413429632865576,NA,0.018230674614579,0.00626847210939043,0.00225412183634723,0.00822233473998445,0.027824787297865,NA,0.189504755731442,NA,0.170399178163849,NA,0.0305665126639128,0.00568504508472607,NA,NA,NA,NA,"10-1997"
"22",1997-11-13,"BBRS",0.00307360082975413,NA,0.015681720725434,0.0103453899033732,NA,0.00876676125117487,0.0312489097547683,NA,0.272667023070171,NA,0.164114877834875,NA,0.0257134173408351,0.00408004783474076,NA,NA,NA,NA,"11-1997"
"23",1997-12-17,"BBRS",0.0131703711264378,NA,0.0826678354626585,0.0121482867730745,0.00268478260869565,0.0110648664161149,0.0578284310707892,NA,0.14347518660594,NA,0.299255611695976,NA,0.0640118001269477,0.00948434626461961,NA,NA,NA,NA,"12-1997"
"24",1998-01-14,"BBRS",0.00614047562926192,NA,0.0458335231557485,0.0333257431455648,0.00456481271960528,0.0145411542110622,0.0508864208428405,0.019188451092655,0.0589320302267703,NA,0.298476648956299,NA,0.0841448629062409,0.00984551466846374,0.260092030029616,0.429134893030527,0.27857080460248,0.292294302366993,"01-1998"
"25",1998-02-11,"BBRS",0.00406109228159907,NA,0.0617850868091711,0.00769674475715744,0.00132414701855221,0.00851585181936071,0.0296069244331847,0.00544628095146409,0.0555851929212611,NA,0.235466270414945,NA,0.062556296839382,0.00734362477895325,0.200170059355308,0.489430751152571,0.20670339266178,0.303865856185649,"02-1998"
"26",1998-03-12,"BBRS",0.030993074495926,NA,0.404836910612118,0.0400688290606182,NA,0.00415945905705664,0.0161401114602928,NA,0.156808484295745,NA,0.830259469003031,NA,0.190330722932319,0.0734404046736397,NA,NA,NA,NA,"03-1998"
"27",1998-04-21,"BBRS",0.0065545948093001,NA,0.0256273671488601,0.00581193240801116,0.00214130434782609,0.0112389712035206,0.0561301514440767,0.0141284223013637,0.0559337566153292,NA,0.262201354837424,NA,0.0384136564167449,0.00690668992590292,0.189476664599749,0.23395710742972,0.403763255097993,0.362279637472287,"04-1998"
"28",1998-06-09,"MOTE",NA,NA,0.0584225618630399,NA,0.00863414634146341,0.0292529462348782,0.0874057217458934,0.0349743799461962,0.141160318736089,NA,0.460825985911493,NA,NA,0.0477439024390244,NA,NA,NA,NA,"06-1998"
"29",1998-07-09,"MOTE",NA,NA,0.0771504480849912,NA,NA,0.029493613545474,0.119983480176413,0.037389730422714,0.0781853052459391,NA,0.330563494692645,NA,0.0452880474803474,0.0535526923538975,NA,NA,NA,NA,"07-1998"
"30",1998-08-05,"MOTE",NA,NA,0.0626729358929768,NA,NA,0.0213461538461538,0.0453829518291549,0.0377726689999462,0.106786589783843,NA,0.230278322473785,NA,NA,NA,NA,NA,NA,NA,"08-1998"
"31",1998-09-01,"MOTE",NA,NA,0.0285769839448603,NA,0.00547245950395605,0.0103755752749934,0.0387852845501986,0.0363023830292754,NA,NA,0.156773495776781,NA,NA,NA,NA,NA,NA,NA,"09-1998"
"32",1998-10-14,"MOTE",NA,NA,0.0385625797437344,NA,NA,0.0305577317700308,0.114434388842459,0.048222704454458,NA,NA,0.307384646851154,NA,0.0644760381579899,NA,NA,NA,NA,NA,"10-1998"
"33",1998-11-10,"MOTE",NA,NA,0.0181961319339486,NA,0.00647362727609047,0.0241419588861575,0.0546548036617719,0.0379714148021801,NA,NA,0.280531174437626,NA,0.018497695190621,0.0212065217391304,NA,NA,NA,NA,"11-1998"
"34",1998-12-16,"MOTE",NA,NA,0.365392898408448,NA,NA,0.0481297600871921,0.183651362500622,0.0854699754548368,NA,NA,1.12884895895267,NA,0.323728427216589,0.182241146051056,NA,NA,NA,NA,"12-1998"
"35",1999-01-12,"MOTE",NA,NA,0.0156205469963671,NA,0.0215885058996315,0.019304159575541,0.0649482878887615,0.0260921232261934,0.141354230755568,NA,0.164027531447916,NA,0.0372212945450126,0.0379972677459871,NA,NA,NA,NA,"01-1999"
"36",1999-02-10,"MOTE",NA,NA,0.561780869324556,NA,NA,NA,0.0595057075577041,NA,NA,NA,NA,NA,0.430112633136555,0.369172436061593,NA,NA,NA,NA,"02-1999"
"37",1999-03-04,"MOTE",NA,NA,0.0189517254281555,NA,NA,0.0298798699405293,0.0454838583207278,NA,NA,NA,NA,NA,0.0230712341744732,0.0401162072476969,NA,NA,NA,NA,"03-1999"
"38",1999-04-07,"MOTE",NA,NA,0.082747501812121,NA,NA,0.0242095811078273,0.0654793004910542,NA,0.0269610832571133,NA,0.166899110337487,NA,0.0882395598360378,0.10480522743262,NA,NA,NA,NA,"04-1999"
"39",1999-05-06,"MOTE",NA,NA,NA,NA,NA,NA,NA,NA,NA,NA,NA,NA,NA,NA,NA,NA,NA,NA,"05-1999"
"40",1999-06-08,"MOTE",NA,NA,0.0625353700341372,NA,0.00476829268292683,0.0146798864171423,0.0542589892567728,0.0157641413014861,NA,NA,0.34615294913263,NA,0.051820887989268,0.0349641847179391,NA,NA,NA,NA,"06-1999"
"41",1999-07-15,"MOTE",NA,NA,0.169077131219359,NA,NA,0.030226402064989,0.0780446089283475,0.0352010073015075,NA,NA,0.298449787389046,NA,0.106123665828523,0.121727320294661,NA,NA,NA,NA,"07-1999"
"42",1999-08-11,"MOTE",NA,NA,0.228415518844447,NA,NA,0.045225614597923,0.093712797999124,0.0212041245962285,NA,NA,0.28093842781542,NA,0.121915316191903,0.270696429475952,NA,NA,NA,NA,"08-1999"
"43",1999-09-14,"MOTE",NA,NA,0.105791134317977,NA,NA,0.0151741814736641,0.0461066977999586,0.0167193624102862,0.0391195652173913,NA,0.227152108254911,NA,0.0624510170435606,0.0828075765230571,NA,NA,NA,NA,"09-1999"
"44",1999-10-05,"MOTE",NA,NA,0.0135128090946277,NA,NA,0.0122887336831329,0.0230706774067511,0.0283915484978447,0.0653487434575179,NA,0.115801561705242,NA,NA,0.0604041649409017,NA,NA,NA,NA,"10-1999"
"45",1999-11-04,"MOTE",NA,NA,0.00822016151871611,NA,NA,0.00716002985855642,0.0115323330503542,0.0277021449981738,0.0283421613104085,NA,0.0727767594830158,NA,NA,0.0165,NA,NA,NA,NA,"11-1999"
"46",1999-12-07,"MOTE",NA,NA,0.00615347194536477,NA,NA,0.00578556707680207,0.01547083514385,0.0337273040040615,0.0442170921529708,NA,0.0872692458152023,NA,NA,NA,NA,NA,NA,NA,"12-1999"
"47",2000-01-11,"MOTE",0.00634640505243721,NA,0.0805538590962827,NA,0.00911512543090665,0.0145945925639766,0.0346404842384701,0.033512405135673,0.0677266517057373,NA,0.305636143195745,NA,NA,0.0519387755102041,NA,NA,NA,NA,"01-2000"
"48",2000-02-08,"MOTE",NA,NA,0.0980387436095256,NA,NA,0.0115745007693244,0.0436165104194651,0.0116111564382447,0.0922701273387665,NA,0.33945642035894,NA,NA,0.0612627956532029,NA,NA,NA,NA,"02-2000"
"49",2000-03-09,"MOTE",NA,NA,0.0162225970170266,NA,NA,0.00969607843137255,0.0188348711120955,0.0206813063452193,0.0312623557688588,NA,0.0968388595661368,NA,NA,NA,NA,NA,NA,NA,"03-2000"
"50",2000-04-11,"MOTE",NA,NA,0.100835323293253,NA,NA,NA,0.0233304716065287,0.0144439873669797,0.0371874018838872,NA,0.236680883516602,NA,NA,0.0292805353490868,NA,NA,NA,NA,"04-2000"
"51",2000-05-11,"MOTE",NA,NA,0.0943167477222012,NA,0.00599894726225337,0.0144752178658592,0.0380761372089417,0.0305512787348952,0.0616990188820306,NA,0.359150060041973,NA,NA,0.0438492481477518,NA,NA,NA,NA,"05-2000"
"52",2000-06-06,"MOTE",NA,NA,0.0122273816286173,NA,NA,0.00979074217854618,0.0293529264262618,0.0180223036788214,0.0437540215797663,NA,0.13836019882014,NA,NA,0.0252812236941721,NA,NA,NA,NA,"06-2000"
"53",2000-07-07,"MOTE",NA,NA,0.147554275616256,NA,NA,0.00593419832578577,0.0164883832677633,0.00948925449557801,NA,NA,0.0919423051612331,NA,NA,0.0852804862922245,NA,NA,NA,NA,"07-2000"
"54",2000-08-09,"MOTE",NA,NA,0.0153550260577319,NA,NA,0.0075910076328154,0.0232224720299985,0.0443111297388577,0.0461585365853659,NA,0.141903187874675,NA,NA,0.0227516250600616,NA,NA,NA,NA,"08-2000"
"55",2000-09-12,"MOTE",NA,NA,0.0381650475142824,NA,NA,0.0226477498997291,0.0380926376127432,0.0346179046502453,0.0481595373517682,NA,0.255000604299378,NA,NA,0.0222879282918716,NA,NA,NA,NA,"09-2000"
"56",2000-10-10,"MOTE",NA,NA,0.0200998012826553,NA,NA,0.0147262536756492,0.0254427249401453,0.0386218863222196,0.0633328574320265,NA,0.152685563611843,NA,NA,0.0270792825444837,NA,NA,NA,NA,"10-2000"
"57",2000-11-03,"MOTE",NA,NA,0.0923594317413183,0.00655344195274414,0.00566490636322327,0.00849048718211778,0.0271133509826135,0.0252715567822644,0.0408313183340338,NA,NA,NA,0.0783334428581813,0.0481387344967107,0.243244892338344,0.573361070680304,0.167750984151547,0.258887945168149,"11-2000"
"58",2000-12-05,"MOTE",NA,NA,0.137204299899725,0.0213867237995673,0.0216263810423022,0.00992657553865568,0.047249315925215,0.0245149025999242,0.109398695964744,NA,NA,NA,0.12774827441162,0.092069377061331,0.431645603865263,0.518048467107297,0.177128553156306,0.304822979736398,"12-2000"
"59",2001-01-11,"MOTE",NA,NA,0.426351403279776,0.0183860398952731,0.0145744185709163,0.00980912183326509,0.0272168448297628,0.00630168252880688,0.0570425440861665,NA,NA,NA,0.313625096252299,0.0978252363107833,0.736855448096613,0.85102145406761,0.0634361011223229,0.0855424448100675,"01-2001"
"60",2001-02-18,"MOTE",NA,NA,0.508930682261433,0.0597889215045413,0.0185557440646165,0.0106066100228882,0.012852397842595,0.0133787439385855,0.0298329780317877,NA,NA,NA,0.38806489290912,0.0910335068975854,0.87469997411619,0.916765365313142,0.0356331383665231,0.0476014963203352,"02-2001"
"61",2001-03-14,"MOTE",NA,NA,0.788287597339938,0.0326435845082456,0.0179982970005321,0.00707622762511389,0.0229996117059604,0.00699457416410111,0.039120766983493,NA,NA,NA,0.582818778977938,0.239193205026256,1.24552543957607,0.929337073034743,0.0341102344325774,0.0365526925326796,"03-2001"
"62",2001-04-04,"MOTE",NA,NA,0.155091598742002,0.02556759945429,0.0115418554203291,0.0116237597451474,0.0399887101780933,0.0118017346109358,0.0626828925965545,NA,NA,NA,0.138955349204199,0.0700033710736588,0.389967773833874,0.653206461017177,0.158421016387614,0.188372522595209,"04-2001"
"63",2001-05-05,"MOTE",NA,NA,0.0317555217876868,0.0177741385263604,0.0120382857310008,0.0122638271487806,0.0527108259509652,0.0270321899722413,0.122218509370894,NA,NA,NA,0.0731385321008428,0.0607069332334358,0.294983258781936,0.236748422033105,0.265974619110161,0.497276958856734,"05-2001"
"64",2001-06-10,"MOTE",NA,NA,0.0252130526134777,0.0137075623031205,0.00535484170990364,0.00519749754991634,0.0254275899623086,0.0160001532939825,0.0327583821152272,NA,NA,NA,0.0416008909723908,0.0252543002621609,0.139049233222153,0.394666448427855,0.268430595089382,0.336902956482762,"06-2001"
"65",2001-07-10,"MOTE",NA,NA,0.0571560924733669,0.0163878050246846,0.00856008349862878,0.00859116101065895,0.0392035079408548,0.014285611087302,0.0125067132981999,NA,NA,NA,0.0672573753721958,0.0423168796421479,0.186545712976308,0.555879273866898,0.310548072177628,0.133572653955474,"07-2001"
"66",2006-07-04,"HPL",0.00202439024390244,NA,0.0166987629275319,0.00814149983734107,NA,0.00556717515017061,0.0164334085401365,0.0163140315856064,NA,NA,0.134519646549862,NA,NA,0.0112049294425491,NA,NA,NA,NA,"07-2006"
"67",2006-08-03,"HPL",NA,NA,0.0270077824676094,0.0110762254189795,0.00443540028095427,0.00928170453118882,0.0329659603332032,0.0331224800771993,NA,NA,0.238335241939947,NA,NA,0.0277886087609884,NA,NA,NA,NA,"08-2006"
"68",2006-09-12,"HPL",NA,NA,0.0315778146115847,0.00646690308895293,0.00423043377789397,0.0120732530788728,0.0409967278369383,0.0221272487123149,NA,NA,0.224685713476371,NA,NA,0.0285242956298866,NA,NA,NA,NA,"09-2006"
"69",2006-10-10,"HPL",NA,NA,0.187061967998702,0.0182471190322248,0.003980056597316,0.0188099808422923,0.0410352805317682,0.0166248980800465,NA,NA,0.473866638169742,NA,NA,0.0873337106618409,NA,NA,NA,NA,"10-2006"
"70",2006-11-02,"HPL",NA,NA,0.0114452982037659,0.00505147728715682,0.003,0.0126194628910505,0.0368267171770768,0.0286869972420002,NA,NA,0.197125533920063,NA,NA,0.0192188465934355,NA,NA,NA,NA,"11-2006"
"71",2006-12-05,"HPL",NA,NA,0.0418722160923286,0.00516012772533502,0.00291447368421053,0.0172086744043866,0.0485872545623143,0.0180066000547549,NA,NA,0.289992377940955,NA,NA,0.0285174901310647,NA,NA,NA,NA,"12-2006"
"72",2007-02-05,"HPL",NA,NA,0.498638924350646,0.0266456583197952,0.016697102540901,0.0111409306524808,0.0298276705555995,0.00301096956435742,NA,NA,1.04320038921601,NA,NA,0.0903195662999478,NA,NA,NA,NA,"02-2007"
"73",2007-03-06,"HPL",NA,NA,0.0615266570502659,NA,0.0167277277884098,0.00814940916694092,0.0404404594705592,0.0251989160339622,NA,NA,0.321641939255925,NA,NA,0.0320241805750698,NA,NA,NA,NA,"03-2007"
"74",2007-04-10,"HPL",NA,NA,0.0310133414655444,0.0137561258431832,0.0110312478748652,0.0137210033975693,0.0618529840535787,0.0267757808997008,NA,NA,0.322950423333374,NA,NA,0.0362088023304968,NA,NA,NA,NA,"04-2007"
"75",2007-05-08,"HPL",0.0139687066535389,NA,0.0162404759500606,NA,0.00531769024037249,0.00974823408146973,0.0441901936099791,0.0394898522365547,NA,NA,0.291248048254786,NA,NA,0.0224961411544962,NA,NA,NA,NA,"05-2007"
"76",2007-06-05,"HPL",NA,NA,0.0178131723902713,0.00494019654651544,0.00377144053537652,0.00821437180473971,0.0320867912019221,0.0276580807604389,NA,NA,0.192099752154327,NA,NA,0.0125470150959964,NA,NA,NA,NA,"06-2007"
"77",2007-07-03,"HPL",0,0,0.0793494918344926,0.0459505442414442,0.00238198378411634,0.0111883638975883,0.0325396787979786,0.00974658789263356,0.0589619534177269,0.243367503684243,0.310551264140784,0.461691975330014,NA,0.0377086596314662,0.291277199114698,0.60654610592263,0.160227130204176,0.233226763873194,"07-2007"
"78",2007-08-07,"HPL",0.000185980898800667,0,0.0198762011058028,0.00835931728032954,0.00611850278244633,0.0213139867389702,0.0708504614828821,0.0438777960115971,0.128312076510582,0.301682906769322,0.355760803897004,0.555862509474648,NA,0.0347025892786101,0.308253265881476,0.129153800887075,0.328013014954544,0.542833184158381,"08-2007"
"79",2007-09-04,"HPL",0.000184748904291157,0,0.0281931422918123,0.00760351500444072,0.00483719752625822,0.0155684419881026,0.04999613995603,0.0345176707112812,0.0666887212342323,0.209278577081734,0.266145038188742,0.379165213794105,NA,0.0216526148802579,0.219360463001742,0.230092907796771,0.327526528584955,0.442380563618275,"09-2007"
"80",2007-10-19,"HPL",NA,NA,0.0356803914280159,0.00935201569985137,0.00840307682626953,0.0218344613618466,0.0631836670315463,0.0390625913307863,0.0981877297877214,0.271189263068993,0.338344113211536,0.513874828550644,0.0328332984341944,0.0437729766459503,0.289186294382839,0.219566747399979,0.321340141311988,0.459093111288033,"10-2007"
"81",2007-12-11,"HPL",NA,NA,0.0222475510806749,0.0103201849927705,NA,0.0203743960480796,0.0629356047134486,0.0351915569936627,0.0597403595562967,0.208056040176002,0.302748778216076,0.424106363119491,0.0277363972982075,0.0350607741328047,NA,NA,NA,NA,"12-2007"
"82",2008-01-10,"HPL",NA,NA,0.0628183970123081,0.0053830092648472,0.00536122244272894,0.00506352747626689,0.0203883395267023,0.0138231393971122,0.0170638005821971,0.130126154383295,0.237264931978081,0.307738742909279,0.0251328015372249,0.0275002248615488,0.156168480601567,0.615770752717587,0.197748989823576,0.186480257458836,"01-2008"
"83",2008-02-12,"HPL",NA,NA,0.042652711451585,0.0171514453156753,0.020076831329856,0.0169073009879819,0.0694402403379436,0.0330109077374429,0.0652815520330338,0.249240551127992,0.388521503019058,0.531160873848919,0.0385639448532677,0.0411647339031344,0.284800368622298,0.29608058953627,0.372726903010703,0.331192507453027,"02-2008"
"84",2008-03-11,"HPL",NA,NA,0.198006554779526,0.0131018422333629,0.00654606111426898,0.0113453001527049,0.0440431820766264,0.00689515618237328,0.0408580283922548,0.317025667591618,0.554439331321761,0.7530750609089,0.0774788786423314,0.0782090720522611,0.408692615740515,0.728329380869371,0.156189102765322,0.115481516365307,"03-2008"
"85",2008-04-08,"HPL",NA,NA,0.0717383611297762,0.0119575512381723,0.100884026272307,0.0145062512257462,0.0441576345145376,0.011292639967849,0.0493184438013779,0.297943689125333,0.80903989906904,0.988265046061285,0.0926246815996724,0.0404194711518309,0.299222334576408,0.394393141159965,0.406680202191875,0.19892665664816,"04-2008"
"86",2008-05-04,"HPL",NA,NA,0.02179805017729,0.00453290425116711,0.0031406814399005,0.0205831556863089,0.0556836236509496,0.0187439095629477,0.0674645260234592,0.191378455230892,0.254975132914537,0.378111758509227,0.0246284271885188,0.0319460026854288,0.201192294642808,0.184533139353265,0.396668846252494,0.41879801439424,"05-2008"
"87",2008-06-03,"HPL",NA,NA,0.0374013633271745,0.00755530775477744,0.00821631676535354,0.0259245788507447,0.0695091650553387,0.0452303482141418,0.100695958028722,0.292400640052042,0.328843501482106,0.509640996110787,0.0342234023362643,0.0450191365349614,0.306269955575977,0.20697069716271,0.333953854810549,0.459075448026741,"06-2008"
"88",2008-07-08,"HPL",0.00923364563803413,NA,0.0934563585492451,0.00831474622193861,0.00495769514861621,0.021345222567785,0.0535350472993982,0.0196817368473867,0.105233886048086,0.305816003793375,0.384866642139305,0.599921189708278,0.0425683053259586,0.0663874823548845,0.345144731382818,0.415759664510737,0.227252360897648,0.356987974591614,"07-2008"
"89",2008-08-05,"HPL",NA,NA,0.0741522093432377,0.00887891334400029,0.00570808415978311,0.0320405662201292,0.079061629713952,0.0321914042431329,0.120412306378905,0.348714944598332,0.413161220776297,0.629123551747316,0.0433935516684193,0.0533005781837377,0.381422238490428,0.306940369948942,0.301627191075597,0.391432438975461,"08-2008"
"90",2008-09-10,"HPL",0.0075,NA,0.0146095204705939,0.00449419098497895,NA,0.00951841924958443,0.0263466653774606,0.0308431659088713,0.0614432483302763,0.146158675623245,0.219455731990402,0.313389633808272,0.0161321713552866,0.0174431845900874,NA,NA,NA,NA,"09-2008"
"91",2008-10-10,"HPL",0.00515201566517241,NA,0.0137122328220727,NA,NA,0.0131361380749316,0.0367114528706039,0.0376303949357117,0.0919992753948663,0.201258120489777,0.246653847337966,0.380635441084678,0.0193249977222387,0.0208273121625345,NA,NA,NA,NA,"10-2008"
"92",2008-11-18,"HPL",0.00532564255071739,NA,0.0136243049626611,NA,0.00302439024390244,0.0122609393972786,0.0374387749934449,0.0273911471908276,0.1089965617469,0.203484151217653,0.248698167010671,0.399225318166565,0.021385089741393,0.0209837384903311,NA,NA,NA,NA,"11-2008"
"93",2008-12-10,"HPL",0.00353431641777612,NA,0.013847579355783,NA,NA,0.0124921564697604,0.0364289578834792,0.0301355598855314,0.087847363626339,0.185809712506799,0.213565170263577,0.346698491129887,0.0176066156233266,0.0253826590651519,NA,NA,NA,NA,"12-2008"
"94",2009-01-13,"HPL",NA,NA,0.21390469375216,NA,0.00565928862932492,0.0154364201163207,0.0442265426415369,0.00965576280388153,0.0659280731846097,0.341029887228584,0.597076607989297,0.800513022089398,0.0682933987090307,0.073342449242005,NA,NA,NA,NA,"01-2009"
"95",2009-02-10,"HPL",NA,NA,0.1301886436496,0.0126325440785308,0.00590008960841389,0.00893832239156854,0.0215616910174531,0.00456584224403914,0.0813676180070514,0.258698073391532,0.478684698822161,0.67377147995626,0.0428254923054621,0.0610857586614962,0.321537607407923,0.62629648929739,0.10590305273704,0.26780045796557,"02-2009"
"96",2009-03-03,"HPL",NA,NA,0.0682153964985726,0.0175808550039987,0.00584558637019776,0.0129627265755166,0.0406922239244959,0.0103627530036288,0.0664862658025144,0.208891758565952,0.306941245759733,0.441775081185918,0.0346164758173221,0.0334057941123756,0.256759241169945,0.471152329580829,0.232604794419568,0.296242875999603,"03-2009"
"97",2009-04-07,"HPL",NA,NA,0.0434658270199515,0.0178778098265481,0.0089834601883631,0.0201742805660855,0.0559159957909525,0.0142687946328833,0.0798096864692091,0.225713083164863,0.285118133541112,0.434279061096162,0.0294460096835324,0.0407717044247136,0.262837863637403,0.329079405670744,0.317550857439629,0.353369736889627,"04-2009"
"98",2009-05-08,"HPL",NA,NA,0.0543570209368391,0.0140970020062165,0.011705115099433,0.0151837779175656,0.0534180412044387,0.0137789375868685,0.121662742424031,0.276628861950728,0.351934163338382,0.548856829733483,0.0341287185546063,0.0397925674305854,0.311427732183131,0.309927994122729,0.257453962427781,0.432618043449489,"05-2009"
"99",2009-06-02,"HPL",0.00718241050804348,NA,0.0452494065902671,0.0133185653464886,0.00823684210526316,0.0142303955610075,0.0626511540165639,0.0134923458381087,0.0944888703522865,0.246026852861811,0.342702042083222,0.511303010399906,0.0361834312613072,0.036786572582485,0.279107726217955,0.295874433681346,0.320627846900462,0.383497719418192,"06-2009"
"100",2009-07-14,"HPL",NA,NA,0.0321999226148909,0.00501256824069427,NA,0.00993163750819858,0.0317592425350223,0.0170537655185047,0.0480819630678096,0.143973590115287,0.202462714367563,0.286316500455564,0.0202021412013283,0.0160963056995481,NA,NA,NA,NA,"07-2009"
"101",2009-08-11,"HPL",NA,NA,0.065987185472514,0.0216465054420376,0.00922789920460341,0.0204899366754211,0.0713722430016057,0.0230530536361471,0.1460522064695,0.35362280093253,0.430217045893493,0.688937199419107,0.0477341636676262,0.0631589700463789,0.394252824821998,0.313411842376286,0.262143881956612,0.424444275667102,"08-2009"
"102",2009-09-15,"HPL",0.0141770048574678,NA,0.0376280917392533,0.0121597036198694,0.00493137254901961,0.0207098461867625,0.0604344300182262,0.0394969731770991,0.109875632642125,0.284076867269055,0.368429177477265,0.560740557774736,0.0337047660021392,0.0456219901876545,0.30210157317514,0.232374796061273,0.287846881775463,0.479778322163264,"09-2009"
"103",2009-10-07,"HPL",NA,NA,0.0509605971242178,0.00644638304286921,NA,0.0193796939125972,0.0611958763621494,0.0212696555191481,0.0932559284202531,0.26355059707459,0.331162293312193,0.501860550714378,0.0351314448843409,0.0339519459644669,NA,NA,NA,NA,"10-2009"
"104",2009-11-10,"HPL",NA,NA,0.0168674789193834,0.00509956582441784,0.00301337541947884,0.0123340031902958,0.0362417821880314,0.0425740405459848,0.0855384894708818,0.200151824699154,0.228771696375805,0.356995583116561,0.0197081932713561,0.0226151214817638,0.206133072070988,0.150259891717391,0.253001564587029,0.59673854369558,"11-2009"
"105",2009-12-08,"HPL",NA,NA,0.067503113878244,0.00832752431831228,NA,0.00910631166642263,0.0286017588582942,0.016367358999171,0.0533126323167271,0.175991549069114,0.247863456193123,0.360946675760196,0.0269681010482541,0.0337558229020315,NA,NA,NA,NA,"12-2009"
"106",2010-01-07,"HPL",NA,NA,0.0249540977543585,0.00848060443237137,0.00396320721841253,0.0159276284381049,0.0641106113948299,0.0297499449983207,0.0860448740194037,0.224566521434317,0.299641603068215,0.454442504511937,0.0266717125819785,0.0423216407378995,0.249006276297261,0.189324264369186,0.35891894808758,0.451756787543234,"01-2010"
"107",2010-02-11,"HPL",NA,NA,0.879388603346828,NA,0.0120408832364705,0.00822132734630042,0.0263743324673743,0.00133035714285714,0.0168493244656591,0.941330941185617,1.95207923031664,2.487845283513,0.361010040508768,0.157455127799234,NA,NA,NA,NA,"02-2010"
"108",2010-03-09,"HPL",0.0121579495299424,NA,0.0256501174772549,0.00743133173735936,0.00413928768426281,0.0254369746749408,0.0860496894185657,0.0233870312322648,0.0870766720081152,0.256799197493361,0.316451548046985,0.48505121978989,0.0324854307008099,0.0485752607935156,0.275374748288916,0.169386785398593,0.438201469300163,0.392411745301244,"03-2010"
"109",2010-04-07,"HPL",NA,NA,0.0354719829022797,0.0109531035309891,NA,0.0161204500230897,0.0502838601659267,0.0218278450261117,0.058300969126578,0.188495133883947,0.261276901146295,0.374109547656902,0.0250107059127834,0.0301319622753394,NA,NA,NA,NA,"04-2010"
"110",2010-05-11,"HPL",NA,NA,0.088460145381262,0.00630068136945186,0.00413837418373242,0.0200658307913182,0.0599798420993058,0.0129504047731351,0.112949946829983,0.30536022955417,0.387241318402776,0.617026792832647,0.0482739681303706,0.068192725773113,0.344510024875004,0.387834187893325,0.2487023847402,0.363463427366475,"05-2010"
"111",2010-06-08,"HPL",NA,NA,0.014351881071783,0.00435711537087162,0.00336600284039732,0.0120862873054945,0.0386898571826699,0.0235053213219737,0.0601549605870272,0.15568413914715,0.204944942465004,0.309684910021437,0.018763415019913,0.0257631520752389,0.16273669239709,0.162100412608698,0.34034070661831,0.497558880772992,"06-2010"
"112",2010-08-04,"HPL",0.0122926829268293,NA,0.0188398209438953,0.00511872294290943,0.00454386518482824,0.0130502116706319,0.0398560209045837,0.0280269132539212,0.0864097416982518,0.192666223619128,0.216986904501334,0.349973191958147,0.0199717764586627,0.0273540147370845,0.203069571138441,0.166354548793351,0.285178322974638,0.548467128232011,"08-2010"
"113",2010-09-15,"HPL",NA,NA,0.0204678261698992,0.00693359730293973,0.00406928151268611,0.0143779651777837,0.0441856240112075,0.0594338988615585,0.111233137663906,0.261540855185448,0.320566067219992,0.490635263167211,0.0264133105020965,0.0319569139058765,0.265684228372257,0.145420777640474,0.239342770188723,0.615236452170803,"09-2010"
"114",2010-10-05,"HPL",NA,NA,0.0229503674574756,0.00494266599037775,NA,0.0178564735262178,0.0434074785929736,0.0565959794363782,0.0775528650112442,0.221589528019719,0.26436513174518,0.390012750425661,0.0242560482385524,0.0267493929770188,NA,NA,NA,NA,"10-2010"
"115",2010-11-09,"HPL",NA,NA,0.0231215065572565,0.00758332198490713,NA,0.0179351849541499,0.0537636560781858,0.0365119774999846,0.0740732121598355,0.216059575399393,0.2327721596479,0.365255535956718,0.0230084830726235,0.0342259215845971,NA,NA,NA,NA,"11-2010"
"116",2010-12-08,"HPL",NA,NA,0.0559895467370518,0.00700059224259519,0.00816238644542581,0.0171674107593978,0.0459139290644639,0.0174232177620478,0.0880063205263376,0.218901104302681,0.264143891067013,0.410630056434151,0.0289558247912977,0.0423997796919904,0.261903162513178,0.339118073676691,0.264283618726563,0.396598307596746,"12-2010"
"117",2011-01-11,"NGSFC",NA,NA,0.363656366739605,NA,0.0039924244768533,0.0108024035627444,0.0323035033951526,0.00748265806027309,0.0583721548578644,0.477343597234004,1.01167474117356,1.34684911039015,0.121119420775846,0.156532063091977,NA,NA,NA,NA,"01-2011"
"118",2011-02-08,"NGSFC",NA,NA,0.310304571119892,NA,NA,0.00770670093846921,0.0288721668079939,NA,0.0248731782147539,0.350849125313946,0.696069719497722,0.878474833450812,0.120941271010307,0.0515119484315427,NA,NA,NA,NA,"02-2011"
"119",2011-03-15,"NGSFC",0.0147002674012076,NA,0.0239979107191618,0.0133291937446691,0.00612694431265383,0.0126428523231671,0.0498127276899381,0.0101058250497308,0.073910096523393,0.177768590992573,0.236861881570015,0.365046668301304,0.0262397213028862,0.029000749026211,0.207334753392319,0.25384657628725,0.344193763463708,0.401959660249041,"03-2011"
"120",2011-04-12,"NGSFC",NA,NA,0.0540283747902715,NA,NA,0.00908662825876545,0.026341057350658,0.00276658320924127,0.0422056907133361,0.137663839692503,0.164110421008037,0.253604708150137,0.023419718881876,0.0269592152975782,NA,NA,NA,NA,"04-2011"
"121",2011-05-10,"NGSFC",0.016388204053079,NA,0.133035457396765,0.013289529620109,0.0092385637777402,0.0183845919543054,0.0497418880881053,0.0243253796000203,0.149206025394553,0.379906412219216,0.453384162731817,0.708461182809046,0.0510436545891997,0.0595979929611502,0.453086087120853,0.455362099076683,0.165862394495684,0.378775506427633,"05-2011"
"122",2011-06-09,"NGSFC",NA,NA,0.01620251117523,0.00695631726514869,NA,0.0126430179735432,0.0329617843752329,0.0318922099193835,0.0756029179809618,0.177642813109748,0.206934941420168,0.315762271209284,0.0191729407126054,0.015757774860807,NA,NA,NA,NA,"06-2011"
"123",2011-07-07,"NGSFC",0.00560144632242962,NA,0.0405583245574713,0.00706744514557006,0.00502055457232042,0.0185850091344013,0.0602630762922365,0.0189531928318823,0.10383851310106,0.252768352608749,0.269868793820188,0.448223033035985,0.0311697257338973,0.0420985737808565,0.274380172180351,0.244741938703752,0.313620303346888,0.44163775794936,"07-2011"
"124",2011-08-09,"NGSFC",0.0162740865092054,NA,0.0167337704462498,0.0096960221877546,0.010808537136527,0.0185416405683631,0.0535749180934861,0.0328866264693624,0.120641009772185,0.253509930004382,0.283616023838532,0.462783337692396,0.0268802734052926,0.0315990783584853,0.268410768707075,0.138839465321959,0.301831565290082,0.559328969387959,"08-2011"
"125",2011-09-06,"NGSFC",NA,NA,0.0137467750383275,NA,NA,0.0178286068748058,0.0465664331433317,0.0302970226871184,0.0710622868331541,0.18580177827435,0.213551966103726,0.33256709692668,0.021552260911982,0.0264666003050427,NA,NA,NA,NA,"09-2011"
"126",2011-10-04,"NGSFC",NA,NA,0.0151794342998456,0.00658215370926846,NA,0.0160573517685529,0.0479460703902781,0.0280148340688315,0.111612459611708,0.224194234380139,0.230556041944063,0.39185900019111,0.0226592898666423,0.0279831004805304,NA,NA,NA,NA,"10-2011"
"127",2011-11-18,"NGSFC",NA,NA,0.0214297289041617,0.00547143491828857,NA,0.0201269700946313,0.0387073480537244,0.0297437111034079,0.0837192539403487,0.197344462907399,0.204554933819981,0.337641338261079,0.0207657838284231,0.0272958692093402,NA,NA,NA,NA,"11-2011"
"128",2012-01-10,"NGSFC",NA,NA,0.411538720969545,0.0097832643817325,0.020137667290504,0.0096430603111483,0.0191577827922669,0.00640487590637523,0.0310227284606197,0.479866816448765,0.916961081951613,1.16970723694787,0.14232949864926,0.0852070473349381,0.670693203999393,0.885746263422462,0.0593237793258142,0.0549299572517241,"01-2012"
"129",2012-02-07,"NGSFC",0.00343522265267025,NA,0.130006417274647,0.0092025208616148,0.0053740047006142,0.0068728419121734,0.0278513971979712,NA,0.0154256978775433,0.173149938657514,0.311931846341847,0.408862035932826,0.0443867638190452,0.0404595765821454,NA,NA,NA,NA,"02-2012"
"130",2012-03-16,"NGSFC",NA,NA,1.10542735854854,NA,0.0253355431949381,0.00898380294917714,0.0231873578809778,NA,0.0312104333472037,1.19267713477101,2.56658673365514,3.08437761353104,0.384719759904447,0.103456174653254,NA,NA,NA,NA,"03-2012"
"131",2012-04-10,"NGSFC",0.00900565105335107,NA,0.057258717149282,0.0118307931923095,0.00717499324080482,0.0191006387179114,0.0590751723741996,0.0154795999409127,0.126642973934169,0.29680922280756,0.336760373008434,0.554681272520421,0.0370827557378316,0.0500635502094305,0.324653757615326,0.300061857583888,0.264945919747842,0.43499222266827,"04-2012"
"132",2012-05-15,"NGSFC",NA,NA,0.0156377109786253,0.00591250005386179,0.0047329247887791,0.0120406750333669,0.0443763545930282,0.0325171791561177,0.0653859033503068,0.178730904056378,0.247293677052968,0.356422570252088,0.0197192515792957,0.023517461542522,0.18780229548197,0.161796731386194,0.33765274969272,0.500550518921086,"05-2012"
"133",2012-07-26,"NGSFC",0.0115474786950554,NA,0.0237912200882483,0.00938748831433852,0.00664983158896295,0.0069194779956759,0.0245446590273748,0.0264573255611998,0.0418375515152981,0.118676070802722,0.186048379895883,0.266961942520113,0.0163827601987307,0.023056463770714,0.149374639077361,0.313185552357514,0.251605181768279,0.435209265874208,"07-2012"
"134",2012-08-14,"NGSFC",NA,NA,0.0315114888991931,0.00904043365103575,0.00799919051577709,0.0130586043747706,0.0442934214897725,0.0209948000645882,0.0674185763945041,0.190221152692082,0.256668775606301,0.384760191570967,0.0255397035423872,0.033683487232188,0.208949172142465,0.273646505557044,0.314060450490344,0.412293043952612,"08-2012"
"135",2012-09-11,"NGSFC",0.00517915531139051,NA,0.0299784082815126,0.00784262690477093,0.00368072763834612,0.0176987834482623,0.0545420173797769,0.0227587602316882,0.110922442387948,0.246358274533781,0.30384261051631,0.485752884035071,0.0277006727760314,0.0410475054134011,0.262603233085955,0.203073126655697,0.295774625275816,0.501152248068486,"09-2012"
"136",2012-10-10,"NGSFC",0.0106572933948831,NA,0.0413352088747545,0.00788038733353326,0.00535737069510625,0.0166323560149953,0.0656181805772037,0.0228087801574625,0.0749226720212444,0.230217397751369,0.288679848180971,0.438706855184852,0.0295314478096593,0.0463187744878439,0.257052276685921,0.26996061481484,0.359346501599844,0.370692883585316,"10-2012"
"137",2012-11-08,"NGSFC",NA,NA,0.00982290479949057,0.00619939828623363,NA,0.0119837094310681,0.0349064146801864,0.0266248797857549,0.0617708396234922,0.150012296309817,0.179695469631978,0.284429172402167,0.0177244656386466,0.025042420792254,NA,NA,NA,NA,"11-2012"
"138",2012-12-04,"NGSFC",NA,NA,0.0147902629264055,0.00399272641837871,NA,0.0137919572267051,0.0425851804289212,0.0314351949418127,0.105001393217245,0.207494949283502,0.221431138590876,0.381214226642997,0.0200604823056963,0.0309735231616867,NA,NA,NA,NA,"12-2012"
"139",2013-03-05,"NGSFC",0.00932266479107031,NA,0.0638641621930185,0.0176614700254547,0.00983893010337553,0.0205541543064362,0.0515167830312303,0.0100740656648936,0.0873969582350152,0.23698691234586,0.305072692165426,0.472919149511708,0.0359926640731811,0.051161838331778,0.290409392236161,0.395824461953244,0.270389417898319,0.333786120148437,"03-2013"
"140",2013-04-09,"NGSFC",0.008995294940001,NA,0.104029193861598,0.00671084709145099,0.00391020398615696,0.0142065531944213,0.0591986346805044,0.0101660536264329,0.0912677260142563,0.289726442971715,0.398440218158643,0.598740536990728,0.0540170572037181,0.0513501938362868,0.339567349190912,0.459830599484439,0.242958229790222,0.297211170725339,"04-2013"
"141",2013-05-09,"NGSFC",0.00908548979559172,NA,0.0368123603940098,0.0117884235054767,0.00740462483896479,0.0224286944286186,0.0755337744253433,0.0222361414103538,0.120107880253861,0.293943516735782,0.354907738397801,0.560276583202774,0.0352163566826336,0.0497320316805482,0.317179857441162,0.216051251965103,0.341196671020186,0.442752077014711,"05-2013"
"142",2013-06-11,"NGSFC",0.00705638543081365,NA,0.0360590045075417,0.01081828811602,0.00682794117647059,0.0224010069950668,0.0938835369375078,0.0415079120337588,0.116793386723072,0.32228717921102,0.366171234630533,0.569669232094286,0.0364021034617045,0.0534565221187219,0.350924316603348,0.188351104417572,0.373782046038868,0.437866849543561,"06-2013"
"143",2013-07-11,"NGSFC",0.00786585365853659,NA,0.0468364004516433,0.00597419114237454,0.00574533249793258,0.0212051575179034,0.0573060764117475,0.0360337999007973,0.0915248755710189,0.261742839844192,0.288311758376529,0.450804871858654,0.0291008761903761,0.0411844372025068,0.281539848061925,0.264484529135595,0.297107930720154,0.438407540144251,"07-2013"
"144",2013-08-13,"NGSFC",0.0060719823914567,NA,0.0333363288180809,0.00878725141485223,0.00389833514005223,0.0241088701630496,0.0618129971116514,0.020337969343961,0.0837764161796665,0.232004819816821,0.283419954832628,0.43996428856995,0.0282099444781323,0.0446589467410364,0.250778694078601,0.236839291099506,0.356009557753392,0.407151151147103,"08-2013"
"145",2013-09-11,"NGSFC",0.0070926003253074,NA,0.019485758019212,0.00631451521813385,NA,0.0202392961668463,0.0694471123552704,0.0511224549259064,0.0578723158899137,0.223867185007624,0.283103739476977,0.401248143732043,0.026168776138417,0.0341345511580269,NA,NA,NA,NA,"09-2013"
"146",2013-10-08,"NGSFC",0.00859445742423767,NA,0.0297375377589921,0.0106002124943619,0.0043921568627451,0.0354479174108864,0.107071513517275,0.0335442857576285,0.109760847540912,0.328071139310097,0.356118414435639,0.565097400768469,0.0364677781979441,0.0625598350067847,0.347605657003507,0.163622848798043,0.43446613809531,0.401911013106647,"10-2013"
"147",2013-11-13,"NGSFC",0.0052851449862971,NA,0.040988380641434,0.0106450079134722,0.00506269598609782,0.019379708525843,0.0562405134936187,0.0415056465653818,0.0885760537231514,0.254428467225251,0.296109380142593,0.449283982508153,0.0261753187049682,0.0388019554514264,0.279205715881628,0.260750671355465,0.290989629120073,0.448259699524463,"11-2013"
"148",2013-12-04,"NGSFC",NA,NA,0.022665430532526,0.00871510882807274,0.00367280636811648,0.0166773124616599,0.0422052979190176,0.0423412953912931,0.0903269904439529,0.222221332153915,0.23607065586702,0.383911929326265,0.0234690843716378,0.034448795389895,0.233531806422952,0.189466956027004,0.263953216839181,0.546579827133815,"12-2013"
"149",2014-01-14,"NGSFC",NA,NA,0.177430097528199,0.0161267896063344,0.0056649734260804,0.00665634364720764,0.0309387256806445,0.00524172161998558,0.0289225549155568,0.232319163612187,0.382522294787593,0.51158028500629,0.0582526905259145,0.0503855099403973,0.351655757864182,0.776086285398174,0.12802544801208,0.0958882665897463,"01-2014"
"150",2014-02-04,"NGSFC",NA,NA,0.68831074590367,0.0437848617044733,0.0149982270070586,0.00477423924356408,0.0229465791879845,0.00338760809420614,0.0313435440965043,0.778288102385376,1.45844167269005,1.79896029552513,0.239833582146025,0.067100017790919,1.10663720473419,0.932785200345242,0.0359757247794553,0.0312390748753023,"02-2014"
"151",2014-04-01,"NGSFC",NA,NA,0.284158190805975,0.0174292997548501,0.0111313965453306,0.0307506907489715,0.0677381864254075,0.00824410213501325,0.0610028634541719,0.476455484143417,0.796427935366652,1.07671196507531,0.123183406678061,0.0960693284377684,0.597410258065195,0.711802912571277,0.173196015724113,0.11500107170461,"04-2014"
"152",2014-05-06,"NGSFC",NA,NA,1.45537350005704,0.0386749998440496,0.0132228571436005,0.00795454545454546,0.0312712218446394,0.00864854757461983,0.0313401034231114,1.55378422728356,2.97425220358244,3.55715890967412,0.41507192868224,0.137509584687613,2.19613189717,0.95923582166225,0.0229641293416537,0.0178000489960961,"05-2014"
"153",2014-06-13,"NGSFC",0.0133323351140042,NA,0.184273862268975,0.0169350999425314,0.00449820904312697,0.0138724575634226,0.0498471762942686,0.0111541022097903,0.0750396050371562,0.35084571760979,0.58359329281719,0.838415250143271,0.0739746664953953,0.101192224043857,0.439947365172966,0.644860406441313,0.161065175237352,0.194074418321335,"06-2014"
"154",2014-09-03,"NGSFC",0.011426284214963,NA,0.0133363895492389,0.0057893424749244,NA,0.0112095118556795,0.0406783188404806,0.0293759718067749,0.0972556873241209,0.196241821509139,0.263709073771171,0.411803141165222,0.0241511333658856,0.0280091316326219,NA,NA,NA,NA,"09-2014"
"155",2014-10-07,"NGSFC",NA,NA,0.0479698269947706,0.00531454179050899,NA,0.0131188495089557,0.0374831448502297,0.0267098058792792,0.0976042296852571,0.224788269372338,0.22369066085014,0.37608945325811,0.0212212961860785,0.0308781779045897,NA,NA,NA,NA,"10-2014"
"156",2014-11-12,"NGSFC",NA,NA,0.0183499029482184,0.00671623884979149,0.00506828037815083,0.0168959115058246,0.0474532272407372,0.0238043584058139,0.12498408101699,0.242066412224637,0.281378960556873,0.468445720631018,0.0237712691716013,0.0352698339688661,0.25126906584102,0.140659017523295,0.275482123587237,0.583858858889468,"11-2014"
"157",2014-12-09,"NGSFC",0.0103099150343351,NA,0.233403954991081,0.102613997851459,0.00737540836216007,0.0151395459105131,0.0541785384775807,0.011371790225628,0.116791512138404,0.491970422043691,0.778161146337557,1.09477197073318,0.0962394762803156,0.101943726930407,0.680055310314311,0.696686440532321,0.115477121877347,0.187836437590332,"12-2014"
"158",2015-02-15,"NGSFC",0.0098827482425686,NA,0.0363420121976988,0.0103356013660229,0.00915985362521764,0.0181338476226319,0.0662307336228305,0.0188403363629335,0.0685623133216489,0.221839232805334,0.361916195391565,0.516767381043123,0.0358039996910376,0.0518006338938305,0.247221851395882,0.266220136906328,0.388136364169485,0.345643498924187,"02-2015"
"159",2015-03-10,"NGSFC",NA,NA,0.220564883265004,0.00927217903527354,0.00680143602203038,0.00722553658584364,0.0253888376447085,0.013541877629842,0.0234453225230963,0.298379396449511,0.553515918862287,0.695931656989227,0.0617308367281593,0.0574410576921878,0.398249671580427,0.81373640951753,0.0975609674023216,0.0887026230801482,"03-2015"
"160",2015-04-14,"NGSFC",NA,NA,0.277194760603565,0.013770926245228,0.00634737428313441,0.0132371774155991,0.0405935525023444,0.00730392943265177,0.0759711870680651,0.424059489050849,0.689230313101978,0.951360547297477,0.10518028999719,0.0811376663522728,0.553269145050941,0.741522678657642,0.108437726701339,0.150039594641019,"04-2015"
"161",2015-07-29,"NGSFC",0.00709756097560976,NA,0.015376972760771,0.0143048039318008,0.00176829268292683,0.0070537567992185,0.0464731998082158,0.0217842164717321,0.0411526817897549,0.130987917652194,0.211972150970081,0.302561184552223,0.0235560761331475,0.0286510430462284,0.164700694155785,0.254105214012884,0.379784399613713,0.366110386373403,"07-2015"
"162",2015-08-17,"NGSFC",0.0109626811794417,NA,0.0451054048308991,0.00919240419542489,0.0103922985771593,0.0110202222429822,0.0385884784028331,0.0221212493050173,0.0762071512859917,0.200553388731777,0.287469560543215,0.434928277106185,0.0319112637827998,0.0395863333261995,0.231653232431221,0.33049359995375,0.255121950523546,0.414384449522704,"08-2015"
"163",2015-09-10,"NGSFC",0.00908698575893042,NA,0.0283162594454099,0.00928934245645066,0.00486840163194598,0.0155093357396864,0.0764846494501163,0.0502619595283788,0.0745168085706269,0.256392843870446,0.32676554411731,0.482454374991716,0.0357935944924967,0.0465638950775854,0.276995973822068,0.191424799248829,0.380817135477446,0.427758065273724,"09-2015"
"164",2015-11-16,"NGSFC",0.00770594452850691,NA,0.0582930864623881,0.00735940588797456,0.00371144782961569,0.0112023782180141,0.045913071065402,0.0201667304406809,0.07782681136533,0.220794697513738,0.330073435734336,0.484936667735287,0.0352884504793725,0.042235201817897,0.252975783199115,0.365924410010227,0.2547963307476,0.379279259242173,"11-2015"
"165",2015-12-09,"NGSFC",0.0114094414490057,NA,0.0267822791497233,0.0121931335614595,NA,0.00778389876302612,0.0277537442471966,0.0189442800142575,0.0737619013420959,0.163689130258942,0.234631931854252,0.357984681739336,0.0245229780732169,0.0263621890448362,NA,NA,NA,NA,"12-2015"
"166",2016-01-12,"NGSFC",NA,NA,0.220937441977044,0.0163535099573197,0.0147673369986028,0.00938990874392072,0.0417205185508268,0.0109672381622281,0.0999700874166787,0.391243937550108,0.710058127955593,0.974301774569698,0.0964847583786822,0.0698856772115668,0.510113784156898,0.65589335677419,0.127681177890012,0.216425465335798,"01-2016"
"167",2016-02-04,"NGSFC",NA,NA,0.139897475530592,0.0137591414921003,0.00692262317049717,0.0103108172680742,0.0378836350418819,0.0057314190045769,0.0598783922462833,0.259567864688134,0.413363702001338,0.595297426195508,0.05819016296692,0.0686954775543434,0.337936602963992,0.641113830528387,0.165340409885306,0.193545759586308,"02-2016"
"168",2016-05-10,"NGSFC",0.0240230828717341,NA,0.0488045361705589,0.00968580577645055,0.00615058212973026,0.0266720828085894,0.0819024980980098,0.0361809734464196,0.15422264689374,0.362918109029498,0.460328117624501,0.7292929512294,0.0447615416597637,0.0669507412521396,0.386393643517198,0.213438765178891,0.302908064894467,0.483653169926643,"05-2016"
"169",2016-06-07,"NGSFC",NA,NA,0.0274530488945139,0.025408503249146,NA,0.013152468328585,0.0446017692745338,0.0729246380919009,0.0916706419292577,0.281617900758878,0.338700636252384,0.505922730819844,0.0399534796937895,0.0340381758169704,NA,NA,NA,NA,"06-2016"
"170",2016-09-20,"NGSFC",0.00502439024390244,NA,0.0529580037466508,0.00703640483635461,0.00285060583697847,0.00941658999249947,0.0351728658855772,0.0399605077878804,0.0605668478507385,0.206489525819018,0.294832522729089,0.444933612167049,0.0370316167556959,0.0532063436711,0.229806378803106,0.36810168865902,0.216163319456012,0.415734991884968,"09-2016"
"171",2016-12-21,"NGSFC",NA,NA,0.103554144602489,0.00877252857694755,0.00526704841602758,0.00816571158048638,0.026140795693784,0.0139118103348611,0.0425242430119331,0.20216709266423,0.321299623105497,0.435360995634015,0.0370752776931745,0.0369263520537454,0.252511290146931,0.627221892101724,0.155308060130986,0.21747004776729,"12-2016"
"172",2017-01-12,"NGSFC",NA,NA,0.240237212105023,0.0123309658573432,0.00443206249278997,0.00448897732577362,0.0143466758761248,0.00320751965937871,0.0206088380088166,0.285806251335392,0.544708298136594,0.708618905727739,0.079084221607491,0.0676975078944296,0.40214518214528,0.885553642660036,0.0558272457787713,0.058619111561193,"01-2017"
"173",1997-02-18,"BBRS",0.0144192251055487,NA,0.162394322142673,0.00779976733140857,0.00115909090909091,0.00362103796540316,0.0129639014832018,0.00763931798621571,0.0674507088350998,NA,0.338561659909247,NA,0.0715891283470403,0.00903487279762278,0.333095668267064,0.720434664932519,0.0553203613030414,0.22424497376444,"02-1997"
"174",1997-07-12,"BBRS",0.0137501591904322,NA,0.0866366519125714,0.0196528318553686,NA,0.00670606300074331,0.0230340542322898,0.00520127229921105,0.0524442480139568,NA,0.187578526102492,NA,0.124827025219566,0.012394782250575,NA,NA,NA,NA,"07-1997"
